現在のアイテムID,dcterms:identifer,現在のフォルダ,画像数,画像一覧,備考,,dcterms:isPartOf
DSCN0905,Tursko1-001,Tursko 1,2,DSCN0905|DSCN0906,,,
DSCN0907,Tursko1-002,Tursko 1,2,DSCN0907|DSCN0908,,,
DSCN0909,Tursko1-003,Tursko 1,4,DSCN0909|DSCN0910|DSCN0911|DSCN0912,,,
DSCN0913,Tursko1-004,Tursko 1,2,DSCN0913|DSCN0914,,,
DSCN0915,Tursko1-005,Tursko 1,1,DSCN0915,,,
DSCN0918,Tursko1-006,Tursko 1,1,DSCN0918,,,
DSCN0916,Tursko1-007,Tursko 1,2,DSCN0916|DSCN0917,,,
DSCN0919,Tursko1-008,Tursko 1,2,DSCN0919|DSCN0920,,,
DSCN0891,Tursko1-009,Tursko 1,4,DSCN0891|DSCN0892|DSCN0893|DSCN0894,,,
DSCN0895,Tursko1-010,Tursko 1,1,DSCN0895,,,
DSCN0886,Tursko1-011,Tursko 1,4,DSCN0886|DSCN0887|DSCN0888|DSCN0890,,,
DSCN0896,Tursko1-012,Tursko 1,3,DSCN0896|DSCN0897|DSCN0898,,,
DSCN0899,Tursko1-013,Tursko 1,3,DSCN0899|DSCN0900|DSCN0901,,,
DSCN0902,Tursko1-014,Tursko 1,3,DSCN0902|DSCN0903|DSCN0904,裏面に印あり,,
DSCN0947,Tursko1-016,Tursko 1,2,DSCN0947|DSCN0948,,※Tursko1-015、該当旧画像なし。冊子形式だったので撮影をやめたのか？,
DSCN0921,Tursko1-017,Tursko 1,3,DSCN0921|DSCN0922|DSCN0923,,,
DSCN0924,Tursko1-018,Tursko 1,3,DSCN0924|DSCN0925|DSCN0926,裏面に印あり,,
DSCN0927,Tursko1-019,Tursko 1,3,DSCN0927|DSCN0928|DSCN0929,,,
DSCN0930,Tursko1-020,Tursko 1,12,DSCN0930|DSCN0931|DSCN0932|DSCN0934|DSCN0935|DSCN0936|DSCN0937|DSCN0938|DSCN0939|DSCN0940|DSCN0941|DSCN0942,,,
DSCN0951,Tursko1-021,Tursko 1,2,DSCN0951|DSCN0952,,,
DSCN0949,Tursko1-022,Tursko 1,2,DSCN0949|DSCN0950,,,
DSCN0943,Tursko1-023,Tursko 1,3,DSCN0943|DSCN0944|DSCN0945,,,
DSCN0993,Tursko1-024,Tursko 1,1,DSCN0993,,,
DSCN0994,Tursko1-025,Tursko 1,2,DSCN0994|DSCN0995,,,
DSCN0996,Tursko1-026,Tursko 1,2,DSCN0996|DSCN0997,,,
DSCN0998,Tursko1-027,Tursko 1,3,DSCN0998|DSCN0999|DSCN1000,,,
DSCN1001,Tursko1-028,Tursko 1,2,DSCN1001|DSCN1002,,,
DSCN1003,Tursko1-029,Tursko 1,2,DSCN1003|DSCN1004,,,
DSCN1005,Tursko1-030,Tursko 1,2,DSCN1005|DSCN1006,,,
DSCN1007,Tursko1-031,Tursko 1,2,DSCN1007|DSCN1008,,,
DSCN1009,Tursko1-032,Tursko 1,2,DSCN1009|DSCN1010,,,
DSCN1011,Tursko1-033,Tursko 1,1,DSCN1011,,,
DSCN1012,Tursko1-034,Tursko 1,2,DSCN1012|DSCN1013,,,
DSCN1014,Tursko1-035,Tursko 1,2,DSCN1014|DSCN1015,,,
DSCN1016,Tursko1-036,Tursko 1,2,DSCN1016|DSCN1017,,,
DSCN1018,Tursko1-037,Tursko 1,3,DSCN1018|DSCN1019|DSCN1020,,,
DSCN0991,Tursko1-038,Tursko 1,2,DSCN0991|DSCN0992,,,
DSCN1021,Tursko1-038,Tursko 1,2,DSCN1021|DSCN1022,,,
DSCN0989,Tursko1-039,Tursko 1,4,DSCN0989|DSCN0990|DSCN1023|DSCN1024,,,
DSCN1023,Tursko1-039,Tursko 1,2,,,,
DSCN0987,Tursko1-040,Tursko 1,4,DSCN0987|DSCN0988|DSCN1025|DSCN1026,,,
DSCN1025,Tursko1-040,Tursko 1,2,,,,
DSCN0984,Tursko1-041,Tursko 1,6,DSCN0984|DSCN0985|DSCN0986|DSCN1027|DSCN1028|DSCN1029,,,
DSCN1027,Tursko1-041,,3,,,,
DSCN0980,Tursko1-042,Tursko 1,8,DSCN0980|DSCN0981|DSCN0982|DSCN0983| DSCN1030| DSCN1031| DSCN1032| DSCN1033,,,
DSCN1030,Tursko1-042,,4,,,,
DSCN0978,Tursko1-043,Tursko 1,4,DSCN0978|DSCN0979|DSCN1034|DSCN1035,,,
DSCN1034,Tursko1-043,,2,,,,
DSCN0976,Tursko1-044,Tursko 1,4,DSCN0976|DSCN0977|DSCN1036|DSCN1037,裏面に印あり,,
DSCN1036,Tursko1-044,,2,,,,
DSCN0975,Tursko1-045,Tursko 1,3,DSCN0975|DSCN1038|DSCN1039,裏面に印あり,,
DSCN1038,Tursko1-045,,2,,,,
DSCN0974,Tursko1-046,Tursko 1,2,DSCN0974|DSCN1040,,,
DSCN1040,Tursko1-046,,1,,,,
DSCN0972,Tursko1-047,Tursko 1,4,DSCN0972|DSCN0973|DSCN1041|DSCN1042,,,
DSCN1041,Tursko1-047,,2,,,,
DSCN0970,Tursko1-048,Tursko 1,3,DSCN0970|DSCN0971|DSCN1043,,,
DSCN1043,Tursko1-048,,1,,裏面に書込みあり,,
DSCN0968,Tursko1-049,Tursko 1,4,DSCN0968|DSCN0969|DSCN1044|DSCN1045,,,
DSCN1044,Tursko1-049,,2,,,,
DSCN0964,Tursko1-050,Tursko 1,4,DSCN0964|DSCN0965|DSCN1046|DSCN1047,裏面に印の写しあり,,
DSCN1046,Tursko1-050,,2,,,,
DSCN0961,Tursko1-051,Tursko 1,5,DSCN0961|DSCN0962|DSCN0963|DSCN1050|DSCN1051,,,
DSCN1050,Tursko1-051,,2,,,,
DSCN0966,Tursko1-052,Tursko 1,4,DSCN0966|DSCN0967|DSCN1048|DSCN1049,,,
DSCN1048,Tursko1-052,,2,,,,
DSCN0955,Tursko1-053,Tursko 1,12,DSCN0955|DSCN0956|DSCN0957|DSCN0958|DSCN0959|DSCN0960|DSCN1052|DSCN1053|DSCN1054|DSCN1055|DSCN1056|DSCN1057,DSCN1052と重複,,
DSCN1052,Tursko1-053,Tursko 1,6,DSCN1052|DSCN1053|DSCN1054|DSCN1055|DSCN1056|DSCN1057,DSCN0955と重複,,
DSCN0953,Tursko1-054,Tursko 1,2,DSCN0953|DSCN0954,,,
DSCN1058,Tursko1-055,Tursko 1,2,DSCN1058|DSCN1059,,,
DSCN1060,Tursko1-056,Tursko 1,5,DSCN1060|DSCN1061|DSCN1062|DSCN1063|DSCN1064,,,
DSCN1642,Tursko1-057,Tursko 1,2,DSCN1642|DSCN1643,,,
DSCN1644,Tursko1-058,Tursko 1,2,DSCN1644|DSCN1645,裏面に印あり,,
DSCN1646,Tursko1-059,Tursko 1,2,DSCN1646|DSCN1647,,,
DSCN1648,Tursko1-060,Tursko 1,2,DSCN1648|DSCN1649,,,
DSCN1650,Tursko1-061,Tursko 1,3,DSCN1650|DSCN1651|DSCN1652,,,
DSCN1653,Tursko1-062,Tursko 1,1,DSCN1653,,,
DSCN1654,Tursko1-063,Tursko 1,3,DSCN1654|DSCN1655|DSCN1656,,,
DSCN1657,Tursko1-064,Tursko 1,1,DSCN1657,,,
DSCN1658,Tursko1-065,Tursko 1,3,DSCN1658|DSCN1659|DSCN1660,,,
DSCN1662,Tursko1-066,Tursko 1,1,DSCN1662,,,
DSCN1663,Tursko1-067,Tursko 1,1,DSCN1663,,,
DSCN1664,Tursko1-068,Tursko 1,6,DSCN1664|DSCN1665|DSCN1666|DSCN1667|DSCN1668|DSCN1670,,,
DSCN1671,Tursko1-069,Tursko 1,2,DSCN1671|DSCN1672,,,
DSCN1673,Tursko1-070,Tursko 1,2,DSCN1673|DSCN1674,,,
DSCN1675,Tursko1-071,Tursko 1,1,DSCN1675,,,
DSCN1676,Tursko1-072,Tursko 1,2,DSCN1676|DSCN1677,,,
DSCN1678,Tursko1-073,Tursko 1,2,DSCN1678|DSCN1679,,,
DSCN1680,Tursko1-074,Tursko 1,6,DSCN1680|DSCN1681|DSCN1683|DSCN1684|DSCN1685|DSCN1686,,,
DSCN1708,Tursko1-075,Tursko 1,3,DSCN1708|DSCN1709|DSCN1710,,,
DSCN1712,Tursko1-076,Tursko 1,4,DSCN1712|DSCN1713|DSCN1714|DSCN1715,,,
DSCN1716,Tursko1-077,Tursko 1,2,DSCN1716|DSCN1717,,,
DSCN1718,Tursko1-078,Tursko 1,5,DSCN1718|DSCN1719|DSCN1720|DSCN1721|DSCN1722,,,
DSCN1723,Tursko1-079,Tursko 1,5,DSCN1723|DSCN1724|DSCN1725|DSCN1726|DSCN1727,,,
DSCN1728,Tursko1-080,Tursko 1,6,DSCN1728|DSCN1729|DSCN1730|DSCN1731|DSCN1732|DSCN1733,,,
DSCN1734,Tursko1-081,Tursko 1,2,DSCN1734|DSCN1735,,,
DSCN1736,Tursko1-082,Tursko 1,2,DSCN1736|DSCN1737,,,
DSCN1739,Tursko1-083,Tursko 1,2,DSCN1739|DSCN1740,,,
DSCN1741,Tursko1-084,Tursko 1,2,DSCN1741|DSCN1742,,,
DSCN1743,Tursko1-085,Tursko 1,3,DSCN1743|DSCN1744|DSCN1745,,,
DSCN1746,Tursko1-086,Tursko 1,3,DSCN1746|DSCN1747|DSCN1748,,,
DSCN1749,Tursko1-087,Tursko 1,1,DSCN1749,,,
DSCN1750,Tursko1-088,Tursko 1,2,DSCN1750|DSCN1751,,,
DSCN1752,Tursko1-089,Tursko 1,3,DSCN1752|DSCN1753|DSCN1754,,,
DSCN1755,Tursko1-090,Tursko 1,1,DSCN1755,,,
DSCN1756,Tursko1-091,Tursko 1,1,DSCN1756,,,
DSCN1757,Tursko1-092,Tursko 1,2,DSCN1757|DSCN1758,,,
DSCN1766,Tursko1-093,Tursko 1,2,DSCN1766|DSCN1767,,,
DSCN1759,Tursko1-094,Tursko 1,3,DSCN1759|DSCN1760|DSCN1761,,,
DSCN1762,Tursko1-095,Tursko 1,2,DSCN1762|DSCN1763,,,
DSCN1764,Tursko1-096,Tursko 1,2,DSCN1764|DSCN1765,,,
DSCN1768,Tursko1-097,Tursko 1,4,DSCN1768|DSCN1769|DSCN1770|DSCN1771,,,
DSCN1772,Tursko1-098,Tursko 1,2,DSCN1772|DSCN1773,,,
DSCN1774,Tursko1-099,Tursko 1,1,DSCN1774,,,
DSCN1775,Tursko1-100,Tursko 1,1,DSCN1775,裏面に印あり,,
DSCN1776,Tursko1-101,Tursko 1,3,DSCN1776|DSCN1777|DSCN1779,,,
DSCN1780,Tursko1-102,Tursko 1,2,DSCN1780|DSCN1781,,,
DSCN1782,Tursko1-103,Tursko 1,4,DSCN1782|DSCN1783|DSCN1784|DSCN1785,,,
DSCN1688,Tursko1-104,Tursko 1,2,DSCN1688|DSCN1689,,,Tursko1-Bind2
DSCN1692,Tursko1-105,Tursko 1,7,DSCN1692|DSCN1693|DSCN1694|DSCN1695|DSCN1696|DSCN1697|DSCN1698,,,Tursko1-Bind2
DSCN1699,Tursko1-106,Tursko 1,2,DSCN1699|DSCN1700,,,Tursko1-Bind2
DSCN1701,Tursko1-107,Tursko 1,4,DSCN1701|DSCN1702|DSCN1703|DSCN1704,,,Tursko1-Bind2
DSCN1705,Tursko1-108,Tursko 1,2,DSCN1705|DSCN1706,,,Tursko1-Bind2
DSCN1786,Tursko1-109,Tursko 1,3,DSCN1786|DSCN1787|DSCN1788,,,
DSCN1789,Tursko1-110,Tursko 1,4,DSCN1789|DSCN1790|DSCN1791|DSCN1792,,,
DSCN1793,Tursko1-111,Tursko 1,4,DSCN1793|DSCN1794|DSCN1795|DSCN1796,,,
DSCN1797,Tursko1-112,Tursko 1,3,DSCN1797|DSCN1798|DSCN1799,,,
DSCN1800,Tursko1-113,Tursko 1,2,DSCN1800|DSCN1801,,,
DSCN1802,Tursko1-114,Tursko 1,2,DSCN1802|DSCN1803,,,
DSCN1804,Tursko1-115,Tursko 1,3,DSCN1804|DSCN1805|DSCN1806,,,
DSCN1807,Tursko1-116,Tursko 1,2,DSCN1807|DSCN1808,,,
DSCN1809,Tursko1-117,Tursko 1,1,DSCN1809,,,
DSCN1810,Tursko1-118,Tursko 1,1,DSCN1810,,,
DSCN1811,Tursko1-119,Tursko 1,2,DSCN1811|DSCN1812,,,
DSCN1813,Tursko1-120,Tursko 1,1,DSCN1813,,,
DSCN1814,Tursko1-121,Tursko 1,2,DSCN1814|DSCN1815,裏面に書込みあり,,
DSCN1816,Tursko1-122,Tursko 1,2,DSCN1816|DSCN1817,,,
DSCN1818,Tursko1-123,Tursko 1,2,DSCN1818|DSCN1819,,,
DSCN1820,Tursko1-124,Tursko 1,4,DSCN1820|DSCN1821|DSCN1822|DSCN1823,,,
DSCN1824,Tursko1-125,Tursko 1,3,DSCN1824|DSCN1825|DSCN1826,,,
DSCN1827,Tursko1-126,Tursko 1,3,DSCN1827|DSCN1828|DSCN1829,裏面に印あり,,
DSCN1830,Tursko1-127,Tursko 1,4,DSCN1830|DSCN1831|DSCN1832|DSCN1833,,,
DSCN1834,Tursko1-128,Tursko 1,2,DSCN1834|DSCN1835,,,
DSCN1836,Tursko1-129,Tursko 1,1,DSCN1836,,,
DSCN1837,Tursko1-130,Tursko 1,2,DSCN1837|DSCN1838,,,
DSCN1839,Tursko1-131,Tursko 1,2,DSCN1839|DSCN1840,,,
DSCN1841,Tursko1-132,Tursko 1,2,DSCN1841|DSCN1842,裏面にbuyuruldu+署名あり,,
DSCN1843,Tursko1-133,Tursko 1,1,DSCN1843,,,
DSCN1844,Tursko1-134,Tursko 1,2,DSCN1844|DSCN1845,,,
DSCN1846,Tursko1-135,Tursko 1,2,DSCN1846|DSCN1847,裏面に印あり,,
DSCN1848,Tursko1-136,Tursko 1,1,DSCN1848,裏面に書込みあり,,
DSCN1849,Tursko1-137,Tursko 1,1,DSCN1849,,,
DSCN1851,Tursko1-138,Tursko 1,2,DSCN1851|DSCN1852,,,
DSCN1853,Tursko1-139,Tursko 1,2,DSCN1853|DSCN1854,裏面に印あり,,
DSCN1855,Tursko1-140,Tursko 1,1,DSCN1855,,,
DSCN1856,Tursko1-141,Tursko 1,1,DSCN1856,,,
DSCN1857,Tursko1-142,Tursko 1,2,DSCN1857|DSCN1858,裏面に印あり,,
DSCN1860,Tursko1-143,Tursko 1,2,DSCN1860|DSCN1861,裏面に印あり,,
DSCN1859,Tursko1-144,Tursko 1,1,DSCN1859,裏面に印あり,,
DSCN1862,Tursko1-145,Tursko 1,3,DSCN1862|DSCN1863|DSCN1864,裏面に印あり,,
DSCN1865,Tursko1-146,Tursko 1,4,DSCN1865|DSCN1866|DSCN1867|DSCN1868,,,
DSCN1869,Tursko1-147,Tursko 1,2,DSCN1869|DSCN1870,,,
DSCN1871,Tursko1-148,Tursko 1,4,DSCN1871|DSCN1872|DSCN1873|DSCN1874,,,
DSCN1875,Tursko1-149,Tursko 1,2,DSCN1875|DSCN1876,,,
DSCN1877,Tursko1-150,Tursko 1,2,DSCN1877|DSCN1878,,,
DSCN1879,Tursko1-151,Tursko 1,2,DSCN1879|DSCN1880,裏面に拇印(?)あり,,
DSCN1882,Tursko1-152,Tursko 1,1,DSCN1882,裏面に書込みあり,,
DSCN1881,Tursko1-153,Tursko 1,1,DSCN1881,裏面に書込みあり,,
DSCN1883,Tursko1-154,Tursko 1,2,DSCN1883|DSCN1884,,,
DSCN1885,Tursko1-155,Tursko 1,2,DSCN1885|DSCN1886,裏面に印あり,,
DSCN1887,Tursko1-156,Tursko 1,2,DSCN1887|DSCN1888,,,
DSCN1889,Tursko1-157,Tursko 1,2,DSCN1889|DSCN1890,,,
DSCN1891,Tursko1-158,Tursko 1,2,DSCN1891|DSCN1892,,,
DSCN1893,Tursko1-159,Tursko 1,2,DSCN1893|DSCN1894,,,
DSCN1895,Tursko1-160,Tursko 1,5,DSCN1895|DSCN1896|DSCN1897|DSCN1898|DSCN1899,,,
DSCN1900,Tursko1-161,Tursko 1,2,DSCN1900|DSCN1901,,,
DSCN1902,Tursko1-162,Tursko 1,4,DSCN1902|DSCN1903|DSCN1904|DSCN1905,,,
DSCN1906,Tursko1-163,Tursko 1,2,DSCN1906|DSCN1907,裏面に印あり,,
DSCN1961,Tursko1-164,Tursko 1,2,DSCN1961|DSCN1962,,,
DSCN1908,Tursko1-165,Tursko 1,2,DSCN1908|DSCN1909,裏面に印あり,,
DSCN1960,Tursko1-166,Tursko 1,1,DSCN1960,,,
DSCN1959,Tursko1-167,Tursko 1,1,DSCN1959,裏面に印あり,,
DSCN1957,Tursko1-168,Tursko 1,2,DSCN1957|DSCN1958,,,
DSCN1965,Tursko1-169,Tursko 1,2,DSCN1965|DSCN1966,,,
DSCN1963,Tursko1-170,Tursko 1,2,DSCN1963|DSCN1964,,,
DSCN1969,Tursko1-171,Tursko 1,2,DSCN1969|DSCN1970,,,
DSCN1967,Tursko1-172,Tursko 1,2,DSCN1967|DSCN1968,,,
DSCN1948,Tursko1-173,Tursko 1,1,DSCN1948,,,Tursko1-Bind3
DSCN1949,Tursko1-174,Tursko 1,2,DSCN1949|DSCN1950,裏面に書込みあり,,Tursko1-Bind3
DSCN1951,Tursko1-175,Tursko 1,2,DSCN1951|DSCN1952,,,Tursko1-Bind3
DSCN1953,Tursko1-176,Tursko 1,2,DSCN1953|DSCN1954,,,Tursko1-Bind3
DSCN1955,Tursko1-177,Tursko 1,2,DSCN1955|DSCN1956,,,Tursko1-Bind3
DSCN1911,Tursko1-178,Tursko 1,1,DSCN1911,,,Tursko1-Bind4
DSCN1912,Tursko1-179,Tursko 1,2,DSCN1912|DSCN1913,裏面に書込みあり,,Tursko1-Bind4
DSCN1914,Tursko1-180,Tursko 1,1,DSCN1914,裏面に書込みあり,,Tursko1-Bind4
DSCN1915,Tursko1-181,Tursko 1,2,DSCN1915|DSCN1916,裏面に印の写しあり,,Tursko1-Bind4
DSCN1917,Tursko1-182,Tursko 1,2,DSCN1917|DSCN1918,,,Tursko1-Bind4
DSCN1919,Tursko1-183,Tursko 1,2,DSCN1919|DSCN1920,,,Tursko1-Bind4
DSCN1921,Tursko1-184,Tursko 1,4,DSCN1921|DSCN1922|DSCN1923|DSCN1924,,,Tursko1-Bind4
DSCN1925,Tursko1-185,Tursko 1,5,DSCN1925|DSCN1926|DSCN1927|DSCN1928|DSCN1929,,,Tursko1-Bind4
DSCN1930,Tursko1-186,Tursko 1,2,DSCN1930|DSCN1931,裏面に印の写しあり,,Tursko1-Bind4
DSCN1932,Tursko1-187,Tursko 1,2,DSCN1932|DSCN1933,裏面に印あり,,Tursko1-Bind4
DSCN1934,Tursko1-188,Tursko 1,2,DSCN1934|DSCN1935,,,Tursko1-Bind4
DSCN1936,Tursko1-189,Tursko 1,1,DSCN1936,裏面に印・書込みあり,,Tursko1-Bind4
DSCN1937,Tursko1-190,Tursko 1,2,DSCN1937|DSCN1938,裏面に印の写しあり,,Tursko1-Bind4
DSCN1939,Tursko1-191,Tursko 1,2,DSCN1939|DSCN1940,,,Tursko1-Bind4
DSCN1941,Tursko1-192,Tursko 1,2,DSCN1941|DSCN1942,,,Tursko1-Bind4
DSCN1943,Tursko1-193,Tursko 1,1,DSCN1943,,,Tursko1-Bind4
DSCN1944,Tursko1-194,Tursko 1,2,DSCN1944|DSCN1945,,195,Tursko1-Bind4
DSCN1687,Tursko1-Bind2,Tursko 1,2,DSCN1687|DSCN1707,"Day3_IMG.0043.jpg, IMG.0044.jpg",綴りの表裏,
DSCN1910,Tursko1-Bind4,Tursko 1,3,DSCN1910|DSCN1946|DSCN1947,"Day4_IMG_0066.JPG, IMG_0067.JPG",,
DSCN0885,Tursko1-Cover,Tursko 1,1,DSCN0885,表紙,,
DSCN8914,Tursko2-001,Tursko 2,3,DSCN8914|DSCN8915|DSCN8916,,,
DSCN8917,Tursko2-002,Tursko 2,2,DSCN8917|DSCN8918,,,
DSCN8919,Tursko2-003,Tursko 2,2,DSCN8919|DSCN8920,,,
DSCN8921,Tursko2-004,Tursko 2,3,DSCN8921|DSCN8922|DSCN8923,,,
DSCN8924,Tursko2-005,Tursko 2,2,DSCN8924|DSCN8925,,,
DSCN8926,Tursko2-006,Tursko 2,2,DSCN8926|DSCN8927,,,
DSCN8928,Tursko2-007,Tursko 2,1,DSCN8928,,,
DSCN8929,Tursko2-008,Tursko 2,2,DSCN8929|DSCN8930,,,
DSCN8931,Tursko2-009,Tursko 2,3,DSCN8931|DSCN8932|DSCN8933,,,
DSCN8934,Tursko2-010,Tursko 2,3,DSCN8934|DSCN8935|DSCN8936,,,
DSCN8937,Tursko2-011,Tursko 2,3,DSCN8937|DSCN8938|DSCN8939,,,
DSCN8940,Tursko2-012,Tursko 2,4,DSCN8940|DSCN8941|DSCN8942|DSCN8943,,,
DSCN8944,Tursko2-013,Tursko 2,2,DSCN8944|DSCN8945,,,
DSCN8946,Tursko2-014,Tursko 2,2,DSCN8946|DSCN8947,,,
DSCN8948,Tursko2-015,Tursko 2,5,DSCN8948|DSCN8949|DSCN8950|DSCN8951|DSCN8952,,,
DSCN8953,Tursko2-016,Tursko 2,4,DSCN8953|DSCN8954|DSCN8955|DSCN8956,,,
DSCN8957,Tursko2-017,Tursko 2,4,DSCN8957|DSCN8958|DSCN8959|DSCN8960,,,
DSCN8961,Tursko2-018,Tursko 2,5,DSCN8961|DSCN8962|DSCN8963|DSCN8964|DSCN8965,,,
DSCN8966,Tursko2-019,Tursko 2,4,DSCN8966|DSCN8967|DSCN8968|DSCN8969,,,
DSCN8912,Tursko2-Cover,Tursko 2,2,DSCN8912|DSCN8913,"Day4_IMG_0124.JPG, IMG_0126.JPG",,
DSCN9317,Tursko3-001,Tursko 3,2,DSCN9317|DSCN9318,,,
DSCN9349,Tursko3-002,Tursko 3,2,DSCN9349|DSCN9350,,,
DSCN9348,Tursko3-003,Tursko 3,1,DSCN9348,,,
DSCN9321,Tursko3-004,Tursko 3,2,DSCN9321|DSCN9322,,,
DSCN9196,Tursko3-005,Tursko 3,2,DSCN9196|DSCN9197,,,
DSCN9198,Tursko3-006,Tursko 3,2,DSCN9198|DSCN9199,,,
DSCN9193,Tursko3-007,Tursko 3,2,DSCN9193|DSCN9194,,,
DSCN9312,Tursko3-008,Tursko 3,1,DSCN9312,,,
DSCN9195,Tursko3-009,Tursko 3,1,DSCN9195,,,
DSCN9340,Tursko3-010,Tursko 3,1,DSCN9340,,,
DSCN9343,Tursko3-011,Tursko 3,1,DSCN9343,,,
DSCN9306,Tursko3-012,Tursko 3,1,DSCN9306,,,
DSCN9307,Tursko3-013,Tursko 3,1,DSCN9307,,,
DSCN9310,Tursko3-014,Tursko 3,2,DSCN9310|DSCN9311,,,
DSCN9313,Tursko3-015,Tursko 3,2,DSCN9313|DSCN9314,,,
DSCN9315,Tursko3-016,Tursko 3,2,DSCN9315|DSCN9316,,,
DSCN9319,Tursko3-017,Tursko 3,2,DSCN9319|DSCN9320,,,
DSCN9323,Tursko3-018,Tursko 3,2,DSCN9323|DSCN9324,,,
DSCN9325,Tursko3-019,Tursko 3,2,DSCN9325|DSCN9326,,,
DSCN9327,Tursko3-020,Tursko 3,2,DSCN9327|DSCN9328,,,
DSCN9329,Tursko3-021,Tursko 3,2,DSCN9329|DSCN9330,,,
DSCN9331,Tursko3-022,Tursko 3,2,DSCN9331|DSCN9332,,,
DSCN9333,Tursko3-023,Tursko 3,2,DSCN9333|DSCN9334,,,
DSCN9335,Tursko3-024,Tursko 3,2,DSCN9335|DSCN9336,,,
DSCN9337,Tursko3-025,Tursko 3,1,DSCN9337,,,
DSCN9255,Tursko3-026,Tursko 3,2,DSCN9255|DSCN9256,,,
DSCN9257,Tursko3-027,Tursko 3,2,DSCN9257|DSCN9258,,,
DSCN9261,Tursko3-028,Tursko 3,2,DSCN9261|DSCN9262,,,
DSCN9259,Tursko3-029,Tursko 3,2,DSCN9259|DSCN9260,,,
DSCN9263,Tursko3-030,Tursko 3,2,DSCN9263|DSCN9264,,,
DSCN9265,Tursko3-031,Tursko 3,2,DSCN9265|DSCN9266,,,
DSCN9267,Tursko3-032,Tursko 3,2,DSCN9267|DSCN9268,,,
DSCN9269,Tursko3-034,Tursko 3,2,DSCN9269|DSCN9270,Tursko3-033、該当旧画像はなし。表裏とも白紙に近いので、文書と認識されず未撮影の可能性あり。,,
DSCN9271,Tursko3-035,Tursko 3,2,DSCN9271|DSCN9272,,,
DSCN9287,Tursko3-036,Tursko 3,2,DSCN9287|DSCN9288,,,
DSCN9285,Tursko3-037,Tursko 3,2,DSCN9285|DSCN9286,,,
DSCN9283,Tursko3-038,Tursko 3,2,DSCN9283|DSCN9284,,,
DSCN9281,Tursko3-039,Tursko 3,2,DSCN9281|DSCN9282,,,
DSCN9277,Tursko3-040,Tursko 3,2,DSCN9277|DSCN9278,,,
DSCN9279,Tursko3-041,Tursko 3,2,DSCN9279|DSCN9280,,,
DSCN9275,Tursko3-042,Tursko 3,2,DSCN9275|DSCN9276,,,
DSCN9273,Tursko3-043,Tursko 3,2,DSCN9273|DSCN9274,,,
DSCN9289,Tursko3-044,Tursko 3,2,DSCN9289|DSCN9290,,,
DSCN9299,Tursko3-045,Tursko 3,2,DSCN9299|DSCN9300,,,
DSCN9297,Tursko3-046,Tursko 3,2,DSCN9297|DSCN9298,,,
DSCN9295,Tursko3-047,Tursko 3,2,DSCN9295|DSCN9296,,,
DSCN9293,Tursko3-048,Tursko 3,2,DSCN9293|DSCN9294,,,
DSCN9291,Tursko3-049,Tursko 3,2,DSCN9291|DSCN9292,,,
DSCN9303,Tursko3-050,Tursko 3,1,DSCN9303,,,
DSCN9253,Tursko3-051,Tursko 3,2,DSCN9253|DSCN9254,,,
DSCN9251,Tursko3-052,Tursko 3,2,DSCN9251|DSCN9252,,,
DSCN9249,Tursko3-053,Tursko 3,2,DSCN9249|DSCN9250,,,
DSCN9247,Tursko3-054,Tursko 3,2,DSCN9247|DSCN9248,,,
DSCN9245,Tursko3-055,Tursko 3,2,DSCN9245|DSCN9246,,,
DSCN9243,Tursko3-056,Tursko 3,2,DSCN9243|DSCN9244,,,
DSCN9239,Tursko3-057,Tursko 3,2,DSCN9239|DSCN9240,,,
DSCN9241,Tursko3-058,Tursko 3,2,DSCN9241|DSCN9242,,,
DSCN9237,Tursko3-059,Tursko 3,2,DSCN9237|DSCN9238,,,
DSCN9233,Tursko3-060,Tursko 3,2,DSCN9233|DSCN9234,,,
DSCN9235,Tursko3-061,Tursko 3,2,DSCN9235|DSCN9236,,,
DSCN9231,Tursko3-062,Tursko 3,2,DSCN9231|DSCN9232,,,
DSCN9227,Tursko3-063,Tursko 3,2,DSCN9227|DSCN9228,,,
DSCN9225,Tursko3-064,Tursko 3,2,DSCN9225|DSCN9226,,,
DSCN9223,Tursko3-065,Tursko 3,2,DSCN9223|DSCN9224,,,
DSCN9229,Tursko3-066,Tursko 3,2,DSCN9229|DSCN9230,,,
DSCN9304,Tursko3-067,Tursko 3,1,DSCN9304,,,
DSCN9301,Tursko3-068,Tursko 3,2,DSCN9301|DSCN9302,,,
DSCN9347,Tursko3-069,Tursko 3,1,DSCN9347,,,
DSCN9346,Tursko3-070,Tursko 3,1,DSCN9346,,,
DSCN9345,Tursko3-071,Tursko 3,1,DSCN9345,,,
DSCN9344,Tursko3-072,Tursko 3,1,DSCN9344,,,
DSCN9341,Tursko3-073,Tursko 3,2,DSCN9341|DSCN9342,,,
DSCN9308,Tursko3-074,Tursko 3,2,DSCN9308|DSCN9309,,,
DSCN9338,Tursko3-075,Tursko 3,2,DSCN9338|DSCN9339,,,
DSCN9352,Tursko3-076,Tursko 3,1,DSCN9352,,,
DSCN9351,Tursko3-077,Tursko 3,1,DSCN9351,,,
DSCN9353,Tursko3-078,Tursko 3,2,DSCN9353|DSCN9354,,,
DSCN9355,Tursko3-079,Tursko 3,1,DSCN9355,,,
DSCN9356,Tursko3-080,Tursko 3,2,DSCN9356|DSCN9357,,,
DSCN9359,Tursko3-081,Tursko 3,1,DSCN9359,,,
DSCN9358,Tursko3-081,Tursko 3,1,DSCN9358,,,
DSCN9305,Tursko3-082,Tursko 3,1,DSCN9305,,,
DSCN9377,Tursko3-083,Tursko 3,2,DSCN9377|DSCN9378,,,
DSCN9376,Tursko3-084,Tursko 3,1,DSCN9376,,,
DSCN9374,Tursko3-085,Tursko 3,2,DSCN9374|DSCN9375,,,
DSCN9373,Tursko3-086,Tursko 3,1,DSCN9373,,,
DSCN9372,Tursko3-087,Tursko 3,1,DSCN9372,,,
DSCN9371,Tursko3-088,Tursko 3,1,DSCN9371,,,
DSCN9370,Tursko3-089,Tursko 3,1,DSCN9370,,,
DSCN9369,Tursko3-090,Tursko 3,1,DSCN9369,,,
DSCN9367,Tursko3-091,Tursko 3,2,DSCN9367|DSCN9368,,,
DSCN9366,Tursko3-092,Tursko 3,1,DSCN9366,,,
DSCN9364,Tursko3-093,Tursko 3,2,DSCN9364|DSCN9365,,,
DSCN9362,Tursko3-094,Tursko 3,2,DSCN9362|DSCN9363,,,
DSCN9360,Tursko3-095,Tursko 3,2,DSCN9360|DSCN9361,,,
DSCN9220,Tursko3-096,Tursko 3,3,DSCN9220|DSCN9221|DSCN9222,,,
DSCN9219,Tursko3-097,Tursko 3,1,DSCN9219,,,
DSCN9217,Tursko3-098,Tursko 3,2,DSCN9217|DSCN9218,,,
DSCN9215,Tursko3-099,Tursko 3,2,DSCN9215|DSCN9216,,,
DSCN9213,Tursko3-100,Tursko 3,2,DSCN9213|DSCN9214,,,
DSCN9200,Tursko3-101,Tursko 3,1,DSCN9200,,,
DSCN9203,Tursko3-102,Tursko 3,1,DSCN9203,,,
DSCN9205,Tursko3-103,Tursko 3,1,DSCN9205,,,
DSCN9201,Tursko3-104,Tursko 3,1,DSCN9201,,,
DSCN9202,Tursko3-105,Tursko 3,1,DSCN9202,,,
DSCN9206,Tursko3-106,Tursko 3,1,DSCN9206,,,
DSCN9212,Tursko3-107,Tursko 3,1,DSCN9212,,,
DSCN9209,Tursko3-108,Tursko 3,1,DSCN9209,,,
DSCN9207,Tursko3-109,Tursko 3,2,DSCN9207|DSCN9208,,,
DSCN9210,Tursko3-110,Tursko 3,2,DSCN9210|DSCN9211,,,
DSCN9132,Tursko3-111,Tursko 3,2,DSCN9132|DSCN9133,,,
DSCN9134,Tursko3-112,Tursko 3,2,DSCN9134|DSCN9135,,,
DSCN9143,Tursko3-113,Tursko 3,2,DSCN9143|DSCN9144,,,
DSCN9142,Tursko3-114,Tursko 3,1,DSCN9142,,,
DSCN9140,Tursko3-115,Tursko 3,2,DSCN9140|DSCN9141,,,
DSCN9138,Tursko3-116,Tursko 3,2,DSCN9138|DSCN9139,,,
DSCN9136,Tursko3-117,Tursko 3,2,DSCN9136|DSCN9137,,,
DSCN9145,Tursko3-118,Tursko 3,3,DSCN9145|DSCN9146|DSCN9147,,,
DSCN9149,Tursko3-119,Tursko 3,3,DSCN9149|DSCN9150|DSCN9151,,,
DSCN9152,Tursko3-120,Tursko 3,3,DSCN9152|DSCN9153|DSCN9154,,,
DSCN9155,Tursko3-121,Tursko 3,2,DSCN9155|DSCN9156,,,
DSCN9157,Tursko3-122,Tursko 3,2,DSCN9157|DSCN9158,,,
DSCN9159,Tursko3-123,Tursko 3,2,DSCN9159|DSCN9160,,,
DSCN9161,Tursko3-124,Tursko 3,1,DSCN9161,,,
DSCN9162,Tursko3-125,Tursko 3,3,DSCN9162|DSCN9163|DSCN9164,,,
DSCN9165,Tursko3-126,Tursko 3,3,DSCN9165|DSCN9167|DSCN9168,,,
DSCN9169,Tursko3-127,Tursko 3,2,DSCN9169|DSCN9170,,,
DSCN9171,Tursko3-128,Tursko 3,2,DSCN9171|DSCN9172,,,
DSCN9173,Tursko3-129,Tursko 3,3,DSCN9173|DSCN9174|DSCN9175,,,
DSCN9176,Tursko3-130,Tursko 3,16,DSCN9176|DSCN9177|DSCN9178|DSCN9179|DSCN9180|DSCN9181|DSCN9182|DSCN9183|DSCN9184|DSCN9185|DSCN9186|DSCN9187|DSCN9188|DSCN9189|DSCN9190|DSCN9191,,,
DSCN9192,Tursko3-131,Tursko 3,1,DSCN9192,,,
DSCN9098,Tursko3-132,Tursko 3,3,DSCN9098|DSCN9099|DSCN9100,,,
DSCN9101,Tursko3-133,Tursko 3,1,DSCN9101,,,
DSCN9102,Tursko3-134,Tursko 3,3,DSCN9102|DSCN9103|DSCN9104,,,
DSCN9105,Tursko3-135,Tursko 3,2,DSCN9105|DSCN9106,,,
DSCN9107,Tursko3-136,Tursko 3,2,DSCN9107|DSCN9108,旧画像は表欠如,,
DSCN9109,Tursko3-137,Tursko 3,2,DSCN9109|DSCN9110,,,
DSCN9111,Tursko3-138,Tursko 3,3,DSCN9111|DSCN9112|DSCN9113,,,
DSCN9114,Tursko3-139,Tursko 3,2,DSCN9114|DSCN9115,,,
DSCN9116,Tursko3-140,Tursko 3,2,DSCN9116|DSCN9117,,,
DSCN9118,Tursko3-141,Tursko 3,2,DSCN9118|DSCN9119,,,
DSCN9120,Tursko3-142,Tursko 3,2,DSCN9120|DSCN9121,,,
DSCN9122,Tursko3-143,Tursko 3,2,DSCN9122|DSCN9123,,,
DSCN9124,Tursko3-144,Tursko 3,1,DSCN9124,,,
DSCN9125,Tursko3-145,Tursko 3,3,DSCN9125|DSCN9126|DSCN9127,,,
DSCN9128,Tursko3-146,Tursko 3,2,DSCN9128|DSCN9129,,,
DSCN9130,Tursko3-147,Tursko 3,2,DSCN9130|DSCN9131,,,
DSCN9050,Tursko3-148,Tursko 3,2,DSCN9050|DSCN9051,,,
DSCN9052,Tursko3-149,Tursko 3,2,DSCN9052|DSCN9053,,,
DSCN9054,Tursko3-150,Tursko 3,1,DSCN9054,,,
DSCN9055,Tursko3-151,Tursko 3,1,DSCN9055,,,
DSCN9056,Tursko3-152,Tursko 3,1,DSCN9056,,,
DSCN9057,Tursko3-153,Tursko 3,2,DSCN9057|DSCN9058,,,
DSCN9059,Tursko3-154,Tursko 3,2,DSCN9059|DSCN9060,,,
DSCN9061,Tursko3-155,Tursko 3,1,DSCN9061,,,
DSCN9062,Tursko3-156,Tursko 3,2,DSCN9062|DSCN9063,,,
DSCN9064,Tursko3-157,Tursko 3,2,DSCN9064|DSCN9065,,,
DSCN9066,Tursko3-158,Tursko 3,2,DSCN9066|DSCN9067,,,
DSCN9068,Tursko3-159,Tursko 3,2,DSCN9068|DSCN9069,,,
DSCN9070,Tursko3-160,Tursko 3,2,DSCN9070|DSCN9071,,,
DSCN9072,Tursko3-161,Tursko 3,1,DSCN9072,,,
DSCN9073,Tursko3-162,Tursko 3,2,DSCN9073|DSCN9074,,,
DSCN9075,Tursko3-163,Tursko 3,2,DSCN9075|DSCN9076,,,
DSCN9077,Tursko3-164,Tursko 3,2,DSCN9077|DSCN9078,,,
DSCN9079,Tursko3-165,Tursko 3,2,DSCN9079|DSCN9080,,,
DSCN9081,Tursko3-166,Tursko 3,1,DSCN9081,,,
DSCN9082,Tursko3-167,Tursko 3,2,DSCN9082|DSCN9083,,,
DSCN9084,Tursko3-168,Tursko 3,2,DSCN9084|DSCN9085,,,
DSCN9086,Tursko3-169,Tursko 3,3,DSCN9086|DSCN9087|DSCN9088,,,
DSCN9089,Tursko3-170,Tursko 3,1,DSCN9089,,,
DSCN9090,Tursko3-171,Tursko 3,3,DSCN9090|DSCN9091|DSCN9092,,,
DSCN9093,Tursko3-172,Tursko 3,2,DSCN9093|DSCN9094,,,
DSCN9095,Tursko3-173,Tursko 3,3,DSCN9095|DSCN9096|DSCN9097,,,
DSCN9015,Tursko3-174,Tursko 3,1,DSCN9015,,,
DSCN9016,Tursko3-175,Tursko 3,2,DSCN9016|DSCN9017,,,
DSCN9018,Tursko3-176,Tursko 3,2,DSCN9018|DSCN9019,,,
DSCN9020,Tursko3-177,Tursko 3,3,DSCN9020|DSCN9021|DSCN9022,,,
DSCN9023,Tursko3-178,Tursko 3,2,DSCN9023|DSCN9024,,,
DSCN9025,Tursko3-179,Tursko 3,2,DSCN9025|DSCN9026,,,
DSCN9027,Tursko3-180,Tursko 3,1,DSCN9027,,,
DSCN9028,Tursko3-181,Tursko 3,1,DSCN9028,,,
DSCN9029,Tursko3-182,Tursko 3,1,DSCN9029,,,
DSCN9030,Tursko3-183,Tursko 3,1,DSCN9030,,,
DSCN9031,Tursko3-184,Tursko 3,2,DSCN9031|DSCN9032,,,
DSCN9033,Tursko3-185,Tursko 3,1,DSCN9033,,,
DSCN9034,Tursko3-186,Tursko 3,2,DSCN9034|DSCN9035,,,
DSCN9036,Tursko3-187,Tursko 3,2,DSCN9036|DSCN9037,,,
DSCN9038,Tursko3-188,Tursko 3,1,DSCN9038,,,
DSCN9039,Tursko3-189,Tursko 3,2,DSCN9039|DSCN9040,,,
DSCN9041,Tursko3-190,Tursko 3,2,DSCN9041|DSCN9042,,,
DSCN9043,Tursko3-191,Tursko 3,2,DSCN9043|DSCN9044,,,
DSCN9045,Tursko3-192,Tursko 3,1,DSCN9045,,,
DSCN9046,Tursko3-193,Tursko 3,1,DSCN9046,,,
DSCN9047,Tursko3-194,Tursko 3,1,DSCN9047,,,
DSCN9048,Tursko3-195,Tursko 3,2,DSCN9048|DSCN9049,,,
DSCN8976,Tursko3-196,Tursko 3,2,DSCN8976|DSCN8977,,,
DSCN8978,Tursko3-197,Tursko 3,1,DSCN8978,,,
DSCN8979,Tursko3-198,Tursko 3,1,DSCN8979,,,
DSCN8980,Tursko3-199,Tursko 3,2,DSCN8980|DSCN8981,,,
DSCN8982,Tursko3-200,Tursko 3,2,DSCN8982|DSCN8983,,,
DSCN8984,Tursko3-201,Tursko 3,3,DSCN8984|DSCN8985|DSCN8986,,,
DSCN8987,Tursko3-202,Tursko 3,2,DSCN8987|DSCN8988,,,
DSCN8989,Tursko3-203,Tursko 3,2,DSCN8989|DSCN8990,,,
DSCN8991,Tursko3-204,Tursko 3,2,DSCN8991|DSCN8992,,,
DSCN8993,Tursko3-205,Tursko 3,2,DSCN8993|DSCN8994,,,
DSCN8995,Tursko3-206,Tursko 3,2,DSCN8995|DSCN8996,,,
DSCN8997,Tursko3-207,Tursko 3,2,DSCN8997|DSCN8998,,,
DSCN8999,Tursko3-208,Tursko 3,2,DSCN8999|DSCN9000,,,
DSCN9001,Tursko3-209,Tursko 3,2,DSCN9001|DSCN9002,,,
DSCN9003,Tursko3-210,Tursko 3,2,DSCN9003|DSCN9004,,,
DSCN9005,Tursko3-211,Tursko 3,1,DSCN9005,,,
DSCN9007,Tursko3-212,Tursko 3,2,DSCN9007|DSCN9008,,,
DSCN9009,Tursko3-213,Tursko 3,2,DSCN9009|DSCN9010,,,
DSCN9011,Tursko3-214,Tursko 3,2,DSCN9011|DSCN9012,,,
DSCN9013,Tursko3-215,Tursko 3,2,DSCN9013|DSCN9014,,,
DSCN8974,Tursko3-216,Tursko 3,2,DSCN8974|DSCN8975,,,Tursko3-Bind1
DSCN8972,Tursko3-217,Tursko 3,2,DSCN8972|DSCN8973,,,Tursko3-Bind1
DSCN0421,Tursko3-218,Tursko 3,1,DSCN0421,,,Tursko3-Bind1
DSCN0420,Tursko3-219,Tursko 3,1,DSCN0420,,,Tursko3-Bind1
DSCN0090,Tursko3-220,Tursko 3,2,DSCN0090|DSCN0091,,,Tursko3-Bind1
DSCN0415,Tursko3-221,Tursko 3,2,DSCN0415|DSCN0416,,,Tursko3-Bind1
DSCN0417,Tursko3-222,Tursko 3,3,DSCN0417|DSCN0418|DSCN0419,,,Tursko3-Bind1
DSCN0381,Tursko3-223,Tursko 3,2,DSCN0381|DSCN0382,,,Tursko3-Bind1
DSCN0379,Tursko3-224,Tursko 3,2,DSCN0379|DSCN0380,,,Tursko3-Bind1
DSCN0383,Tursko3-225,Tursko 3,1,DSCN0383,,,Tursko3-Bind1
DSCN0384,Tursko3-226,Tursko 3,3,DSCN0384|DSCN0385|DSCN0386,,,Tursko3-Bind1
DSCN0387,Tursko3-227,Tursko 3,4,DSCN0387|DSCN0388|DSCN0389|DSCN0390,,,Tursko3-Bind1
DSCN0407,Tursko3-228,Tursko 3,2,DSCN0407|DSCN0408,,,Tursko3-Bind1
DSCN0405,Tursko3-229,Tursko 3,2,DSCN0405|DSCN0406,,,Tursko3-Bind1
DSCN0395,Tursko3-230,Tursko 3,1,DSCN0395,,,Tursko3-Bind2
DSCN0396,Tursko3-231,Tursko 3,1,DSCN0396,,,Tursko3-Bind2
DSCN0397,Tursko3-232,Tursko 3,1,DSCN0397,,,Tursko3-Bind2
DSCN0398,Tursko3-233,Tursko 3,1,DSCN0398,,,Tursko3-Bind2
DSCN0399,Tursko3-234,Tursko 3,1,DSCN0399,,,Tursko3-Bind2
DSCN0400,Tursko3-235,Tursko 3,1,DSCN0400,,,Tursko3-Bind2
DSCN0401,Tursko3-236,Tursko 3,1,DSCN0401,,,Tursko3-Bind2
DSCN0402,Tursko3-237,Tursko 3,1,DSCN0402,,,Tursko3-Bind2
DSCN0403,Tursko3-238,Tursko 3,1,DSCN0403,,,Tursko3-Bind2
DSCN0410,Tursko3-239,Tursko 3,2,DSCN0410|DSCN0411,,,
DSCN0308,Tursko3-240,Tursko 3,2,DSCN0308|DSCN0309,,,
DSCN0306,Tursko3-241,Tursko 3,2,DSCN0306|DSCN0307,,,
DSCN0304,Tursko3-242,Tursko 3,2,DSCN0304|DSCN0305,,,
DSCN0302,Tursko3-243,Tursko 3,2,DSCN0302|DSCN0303,,,
DSCN0300,Tursko3-244,Tursko 3,2,DSCN0300|DSCN0301,,,
DSCN0296,Tursko3-245,Tursko 3,4,DSCN0296|DSCN0297|DSCN0298|DSCN0299,,,
DSCN0318,Tursko3-246,Tursko 3,2,DSCN0318|DSCN0319,,,
DSCN0320,Tursko3-247,Tursko 3,3,DSCN0320|DSCN0321|DSCN0322,,,
DSCN0316,Tursko3-248,Tursko 3,2,DSCN0316|DSCN0317,,,
DSCN0314,Tursko3-249,Tursko 3,2,DSCN0314|DSCN0315,,,
DSCN0312,Tursko3-250,Tursko 3,2,DSCN0312|DSCN0313,,,
DSCN0310,Tursko3-251,Tursko 3,2,DSCN0310|DSCN0311,,,
DSCN0323,Tursko3-252,Tursko 3,6,DSCN0323|DSCN0324|DSCN0325|DSCN0326|DSCN0327|DSCN0328,,,
DSCN0335,Tursko3-253,Tursko 3,1,DSCN0335,,,
DSCN0329,Tursko3-254,Tursko 3,6,DSCN0329|DSCN0330|DSCN0331|DSCN0332|DSCN0333|DSCN0334,,,
DSCN0336,Tursko3-255,Tursko 3,6,DSCN0336|DSCN0337|DSCN0338|DSCN0339|DSCN0340|DSCN0341,,,
DSCN0357,Tursko3-256,Tursko 3,3,DSCN0357|DSCN0358|DSCN0359,,,
DSCN0348,Tursko3-257,Tursko 3,2,DSCN0348|DSCN0349,,,
DSCN0350,Tursko3-258,Tursko 3,5,DSCN0350|DSCN0353|DSCN0354|DSCN0355|DSCN0356,,,
DSCN0360,Tursko3-259,Tursko 3,2,DSCN0360|DSCN0361,,,
DSCN0362,Tursko3-260,Tursko 3,2,DSCN0362|DSCN0363,,,
DSCN0364,Tursko3-261,Tursko 3,2,DSCN0364|DSCN0365,,,
DSCN0346,Tursko3-262,Tursko 3,2,DSCN0346|DSCN0347,,,
DSCN0344,Tursko3-263,Tursko 3,2,DSCN0344|DSCN0345,,,
DSCN0342,Tursko3-264,Tursko 3,2,DSCN0342|DSCN0343,,,
DSCN0366,Tursko3-265,Tursko 3,2,DSCN0366|DSCN0367,,,
DSCN0368,Tursko3-266,Tursko 3,3,DSCN0368|DSCN0369|DSCN0370,,,
DSCN0371,Tursko3-267,Tursko 3,4,DSCN0371|DSCN0372|DSCN0373|DSCN0374,,,
DSCN0375,Tursko3-268,Tursko 3,2,DSCN0375|DSCN0376,,,
DSCN0377,Tursko3-269,Tursko 3,2,DSCN0377|DSCN0378,,,
DSCN0275,Tursko3-270,Tursko 3,2,DSCN0275|DSCN0276,,,
DSCN0277,Tursko3-271,Tursko 3,2,DSCN0277|DSCN0278,,,
DSCN0279,Tursko3-272,Tursko 3,1,DSCN0279,,,
DSCN0282,Tursko3-273,Tursko 3,2,DSCN0282|DSCN0283,,,
DSCN0284,Tursko3-274,Tursko 3,2,DSCN0284|DSCN0285,,,
DSCN0286,Tursko3-275,Tursko 3,3,DSCN0286|DSCN0287|DSCN0288,,,
DSCN0291,Tursko3-276,Tursko 3,2,DSCN0291|DSCN0292,,,
DSCN0293,Tursko3-277,Tursko 3,3,DSCN0293|DSCN0294|DSCN0295,,,
DSCN0239,Tursko3-278,Tursko 3,2,DSCN0239|DSCN0240,,,
DSCN0241,Tursko3-279,Tursko 3,2,DSCN0241|DSCN0242,,,
DSCN0247,Tursko3-280,Tursko 3,2,DSCN0247|DSCN0248,,,
DSCN0251,Tursko3-281,Tursko 3,2,DSCN0251|DSCN0252,,,
DSCN0253,Tursko3-282,Tursko 3,2,DSCN0253|DSCN0254,,,
DSCN0255,Tursko3-283,Tursko 3,2,DSCN0255|DSCN0256,,,
DSCN0257,Tursko3-284,Tursko 3,2,DSCN0257|DSCN0258,,,
DSCN0260,Tursko3-285,Tursko 3,1,DSCN0260,,,
DSCN0261,Tursko3-286,Tursko 3,2,DSCN0261|DSCN0262,,,
DSCN0263,Tursko3-287,Tursko 3,1,DSCN0263,,,
DSCN0264,Tursko3-288,Tursko 3,1,DSCN0264,,,
DSCN0265,Tursko3-289,Tursko 3,2,DSCN0265|DSCN0266,,,
DSCN0267,Tursko3-290,Tursko 3,2,DSCN0267|DSCN0268,,,
DSCN0273,Tursko3-291,Tursko 3,2,DSCN0273|DSCN0274,,,
DSCN0188,Tursko3-292,Tursko 3,2,DSCN0188|DSCN0189,,,
DSCN0190,Tursko3-293,Tursko 3,2,DSCN0190|DSCN0191,,,
DSCN0194,Tursko3-294,Tursko 3,2,DSCN0194|DSCN0195,,,
DSCN0192,Tursko3-295,Tursko 3,2,DSCN0192|DSCN0193,,,
DSCN0196,Tursko3-296,Tursko 3,2,DSCN0196|DSCN0198,,,
DSCN0199,Tursko3-297,Tursko 3,2,DSCN0199|DSCN0200,,,
DSCN0203,Tursko3-298,Tursko 3,2,DSCN0203|DSCN0204,,,
DSCN0201,Tursko3-299,Tursko 3,2,DSCN0201|DSCN0202,,,
DSCN0205,Tursko3-300,Tursko 3,2,DSCN0205|DSCN0206,,,
DSCN0207,Tursko3-301,Tursko 3,2,DSCN0207|DSCN0208,,,
DSCN0210,Tursko3-302,Tursko 3,2,DSCN0210|DSCN0211,,,
DSCN0212,Tursko3-303,Tursko 3,2,DSCN0212|DSCN0213,,,
DSCN0214,Tursko3-304,Tursko 3,2,DSCN0214|DSCN0215,,,
DSCN0216,Tursko3-305,Tursko 3,2,DSCN0216|DSCN0217,,,
DSCN0218,Tursko3-306,Tursko 3,2,DSCN0218|DSCN0219,,,
DSCN0220,Tursko3-307,Tursko 3,2,DSCN0220|DSCN0221,,,
DSCN0222,Tursko3-308,Tursko 3,2,DSCN0222|DSCN0223,,,
DSCN0224,Tursko3-309,Tursko 3,2,DSCN0224|DSCN0225,,,
DSCN0226,Tursko3-310,Tursko 3,2,DSCN0226|DSCN0227,,,
DSCN0228,Tursko3-311,Tursko 3,2,DSCN0228|DSCN0229,,,
DSCN0230,Tursko3-312,Tursko 3,2,DSCN0230|DSCN0231,,,
DSCN0232,Tursko3-313,Tursko 3,4,DSCN0232|DSCN0233|DSCN0234|DSCN0235,,,
DSCN0236,Tursko3-314,Tursko 3,1,DSCN0236,,,
DSCN0145,Tursko3-315,Tursko 3,2,DSCN0145|DSCN0146,,,
DSCN0147,Tursko3-316,Tursko 3,2,DSCN0147|DSCN0148,,,
DSCN0149,Tursko3-317,Tursko 3,2,DSCN0149|DSCN0150,,,
DSCN0151,Tursko3-318,Tursko 3,2,DSCN0151|DSCN0152,,,
DSCN0154,Tursko3-319,Tursko 3,1,DSCN0154,,,
DSCN0155,Tursko3-320,Tursko 3,3,DSCN0155|DSCN0156|DSCN0157,,,
DSCN0158,Tursko3-321,Tursko 3,2,DSCN0158|DSCN0159,,,
DSCN0160,Tursko3-322,Tursko 3,2,DSCN0160|DSCN0161,,,
DSCN0162,Tursko3-323,Tursko 3,2,DSCN0162|DSCN0163,,,
DSCN0164,Tursko3-324,Tursko 3,2,DSCN0164|DSCN0165,,,
DSCN0167,Tursko3-325,Tursko 3,2,DSCN0167|DSCN0168,,,
DSCN0169,Tursko3-326,Tursko 3,3,DSCN0169|DSCN0170|DSCN0171,,,
DSCN0172,Tursko3-327,Tursko 3,2,DSCN0172|DSCN0174,,,
DSCN0175,Tursko3-328,Tursko 3,2,DSCN0175|DSCN0176,,,
DSCN0177,Tursko3-329,Tursko 3,2,DSCN0177|DSCN0178,,,
DSCN0181,Tursko3-330,Tursko 3,1,DSCN0181,,,
DSCN0182,Tursko3-331,Tursko 3,2,DSCN0182|DSCN0183,,,
DSCN0184,Tursko3-332,Tursko 3,2,DSCN0184|DSCN0185,,,
DSCN0100,Tursko3-333,Tursko 3,2,DSCN0100|DSCN0101,,,
DSCN0111,Tursko3-334,Tursko 3,2,DSCN0111|DSCN0112,,,
DSCN0113,Tursko3-335,Tursko 3,2,DSCN0113|DSCN0114,,,
DSCN0115,Tursko3-336,Tursko 3,2,DSCN0115|DSCN0116,,,
DSCN0117,Tursko3-337,Tursko 3,2,DSCN0117|DSCN0118,,,Tursko3-Bind3
DSCN0119,Tursko3-338,Tursko 3,1,DSCN0119,,,Tursko3-Bind3
DSCN0121,Tursko3-339,Tursko 3,1,DSCN0121,,,Tursko3-Bind3
DSCN0122,Tursko3-340,Tursko 3,2,DSCN0122|DSCN0123,,,Tursko3-Bind3
DSCN0124,Tursko3-341,Tursko 3,1,DSCN0124,,,Tursko3-Bind3
DSCN0125,Tursko3-342,Tursko 3,4,DSCN0125|DSCN0126|DSCN0127|DSCN0128,,,Tursko3-Bind3
DSCN0129,Tursko3-343,Tursko 3,2,DSCN0129|DSCN0130,,,Tursko3-Bind3
DSCN0131,Tursko3-344,Tursko 3,2,DSCN0131|DSCN0132,,,Tursko3-Bind3
DSCN0133,Tursko3-345,Tursko 3,3,DSCN0133|DSCN0134|DSCN0135,,,Tursko3-Bind3
DSCN0136,Tursko3-346,Tursko 3,2,DSCN0136|DSCN0137,,,Tursko3-Bind3
DSCN0138,Tursko3-347,Tursko 3,2,DSCN0138|DSCN0139,,,Tursko3-Bind3
DSCN0141,Tursko3-348,Tursko 3,2,DSCN0141|DSCN0142,,,Tursko3-Bind3
DSCN0143,Tursko3-349,Tursko 3,2,DSCN0143|DSCN0144,,,Tursko3-Bind3
DSCN0104,Tursko3-350,Tursko 3,1,DSCN0104,,,Tursko3-Bind3
DSCN0102,Tursko3-351,Tursko 3,2,DSCN0102|DSCN0103,,,Tursko3-Bind3
DSCN0098,Tursko3-352,Tursko 3,2,DSCN0098|DSCN0099,,,Tursko3-Bind3
DSCN0096,Tursko3-353,Tursko 3,2,DSCN0096|DSCN0097,,,Tursko3-Bind3
DSCN0094,Tursko3-354,Tursko 3,2,DSCN0094|DSCN0095,,,Tursko3-Bind3
DSCN0092,Tursko3-355,Tursko 3,2,DSCN0092|DSCN0093,,,Tursko3-Bind3
DSCN0088,Tursko3-356,Tursko 3,2,DSCN0088|DSCN0089,,,Tursko3-Bind3
DSCN0086,Tursko3-357,Tursko 3,2,DSCN0086|DSCN0087,,,Tursko3-Bind3
DSCN0084,Tursko3-358,Tursko 3,2,DSCN0084|DSCN0085,,,Tursko3-Bind3
DSCN0082,Tursko3-359,Tursko 3,2,DSCN0082|DSCN0083,,,Tursko3-Bind3
DSCN0079,Tursko3-360,Tursko 3,2,DSCN0079|DSCN0080,,,Tursko3-Bind3
DSCN0077,Tursko3-361,Tursko 3,2,DSCN0077|DSCN0078,,,Tursko3-Bind3
DSCN0186,Tursko3-362,Tursko 3,2,DSCN0186|DSCN0187,,,Tursko3-Bind3
DSCN0179,Tursko3-363,Tursko 3,2,DSCN0179|DSCN0180,,,Tursko3-Bind3
DSCN0237,Tursko3-364,Tursko 3,2,DSCN0237|DSCN0238,,,Tursko3-Bind3
DSCN0271,Tursko3-365,Tursko 3,2,DSCN0271|DSCN0272,,,Tursko3-Bind3
DSCN0269,Tursko3-366,Tursko 3,2,DSCN0269|DSCN0270,,,Tursko3-Bind3
DSCN0259,Tursko3-367,Tursko 3,1,DSCN0259,,,Tursko3-Bind3
DSCN0249,Tursko3-368,Tursko 3,2,DSCN0249|DSCN0250,,,Tursko3-Bind3
DSCN0246,Tursko3-369,Tursko 3,1,DSCN0246,,,Tursko3-Bind3
DSCN0245,Tursko3-370,Tursko 3,1,DSCN0245,,,Tursko3-Bind3
DSCN0243,Tursko3-371,Tursko 3,2,DSCN0243|DSCN0244,,,Tursko3-Bind3
DSCN0289,Tursko3-372,Tursko 3,2,DSCN0289|DSCN0290,,,Tursko3-Bind3
DSCN0280,Tursko3-373,Tursko 3,2,DSCN0280|DSCN0281,,,Tursko3-Bind3
DSCN0412,Tursko3-374,Tursko 3,3,DSCN0412|DSCN0413|DSCN0414,,,Tursko3-Bind3
DSCN0409,Tursko3-375,Tursko 3,1,DSCN0409,,,Tursko3-Bind3
DSCN0109,Tursko3-376,Tursko 3,2,DSCN0109|DSCN0110,,,Tursko3-Bind3
DSCN0107,Tursko3-377,Tursko 3,2,DSCN0107|DSCN0108,,,Tursko3-Bind3
DSCN0105,Tursko3-378,Tursko 3,2,DSCN0105|DSCN0106,,,Tursko3-Bind3
DSCN0081,Tursko3-379,Tursko 3,1,DSCN0081,,,Tursko3-Bind3
DSCN0120,Tursko3-380,Tursko 3,1,DSCN0120,,,Tursko3-Bind3
DSCN0209,Tursko3-381,Tursko 3,1,DSCN0209,,,Tursko3-Bind3
DSCN0391,Tursko3-382,Tursko 3,2,DSCN0391|DSCN0393,,,Tursko3-Bind3
DSCN8970,Tursko3-Cover,Tursko 3,2,DSCN8970|DSCN8971,文書そのものではなくそれをまとめるファイル,,
DSCN0404,Tursko3-Bind2,Tursko 3,1,DSCN0404,文書そのものではなくそれをまとめるファイルなのでこれ自体に整理番号は振らなかった、Day7_IMG_0094.JPG,Day 7/IMG_0094,
DSCN0076,Tursko3-Cover,Tursko 3,1,DSCN0076,"Day5_IMG_005.JPG, IMG_006.JPG",,
DSCN2300,Tursko4-001,Tursko 4,2,DSCN2300|DSCN2301,,,Tursko4-Bind1
DSCN2291,Tursko4-002,Tursko 4,1,DSCN2291,,,Tursko4-Bind1-1
DSCN2292,Tursko4-003,Tursko 4,2,DSCN2292|DSCN2293,,,Tursko4-Bind1-1
DSCN2294,Tursko4-004,Tursko 4,1,DSCN2294,,,Tursko4-Bind1-1
DSCN2295,Tursko4-005,Tursko 4,1,DSCN2295,,,Tursko4-Bind1-1
DSCN2296,Tursko4-006,Tursko 4,2,DSCN2296|DSCN2297,,,Tursko4-Bind1-1
DSCN2298,Tursko4-007,Tursko 4,2,DSCN2298|DSCN2299,,,Tursko4-Bind1-1
DSCN2279,Tursko4-008,Tursko 4,2,DSCN2279|DSCN2280,,,Tursko4-Bind1-1
DSCN2281,Tursko4-009,Tursko 4,2,DSCN2281|DSCN2282,,,Tursko4-Bind1-1
DSCN2283,Tursko4-010,Tursko 4,2,DSCN2283|DSCN2284,,,Tursko4-Bind1-1
DSCN2285,Tursko4-011,Tursko 4,1,DSCN2285,,,Tursko4-Bind1-1
DSCN2286,Tursko4-012,Tursko 4,1,DSCN2286,,,Tursko4-Bind1-1
DSCN2287,Tursko4-013,Tursko 4,1,DSCN2287,,,Tursko4-Bind1-1
DSCN2288,Tursko4-014,Tursko 4,1,DSCN2288,,,Tursko4-Bind1-1
DSCN2290,Tursko4-015,Tursko 4,1,DSCN2290,,,Tursko4-Bind1-1
DSCN2289,Tursko4-016,Tursko 4,1,DSCN2289,,,Tursko4-Bind1-1
DSCN2278,Tursko4-017,Tursko 4,1,DSCN2278,,,Tursko4-Bind1-1
DSCN2277,Tursko4-018,Tursko 4,1,DSCN2277,,,Tursko4-Bind1-1
DSCN2276,Tursko4-019,Tursko 4,1,DSCN2276,,,Tursko4-Bind1-1
DSCN2274,Tursko4-020,Tursko 4,2,DSCN2274|DSCN2275,,,Tursko4-Bind1-1
DSCN2273,Tursko4-021,Tursko 4,1,DSCN2273,,,Tursko4-Bind1-1
DSCN2271,Tursko4-022,Tursko 4,2,DSCN2271|DSCN2272,,,Tursko4-Bind1-1
DSCN2270,Tursko4-023,Tursko 4,1,DSCN2270,,,Tursko4-Bind1-1
DSCN2268,Tursko4-024,Tursko 4,2,DSCN2268|DSCN2269,,,Tursko4-Bind1-1
DSCN2267,Tursko4-025,Tursko 4,1,DSCN2267,,,Tursko4-Bind1-1
DSCN2266,Tursko4-026,Tursko 4,1,DSCN2266,,,Tursko4-Bind1-1
DSCN2265,Tursko4-027,Tursko 4,1,DSCN2265,,,Tursko4-Bind1-1
DSCN2264,Tursko4-028,Tursko 4,1,DSCN2264,,,Tursko4-Bind1-1
DSCN2213,Tursko4-029,Tursko 4,2,DSCN2213|DSCN2214,泣き別れ,,Tursko4-Bind1-1
DSCN2262,Tursko4-029,Tursko 4,2,DSCN2262|DSCN2263,,,Tursko4-Bind1-1
DSCN2261,Tursko4-030,Tursko 4,1,DSCN2261,,,Tursko4-Bind1-1
DSCN2259,Tursko4-031,Tursko 4,2,DSCN2259|DSCN2260,,,Tursko4-Bind1-1
DSCN2257,Tursko4-032,Tursko 4,2,DSCN2257|DSCN2258,,,Tursko4-Bind1-1
DSCN2256,Tursko4-033,Tursko 4,1,DSCN2256,,,Tursko4-Bind1-1
DSCN2255,Tursko4-034,Tursko 4,1,DSCN2255,,,Tursko4-Bind1-1
DSCN2253,Tursko4-035,Tursko 4,2,DSCN2253|DSCN2254,,,Tursko4-Bind1-1
DSCN2251,Tursko4-036,Tursko 4,2,DSCN2251|DSCN2252,,,Tursko4-Bind1-1
DSCN2250,Tursko4-037,Tursko 4,1,DSCN2250,,,Tursko4-Bind1-1
DSCN2248,Tursko4-038,Tursko 4,2,DSCN2248|DSCN2249,,,Tursko4-Bind1-1
DSCN2246,Tursko4-039,Tursko 4,2,DSCN2246|DSCN2247,,,Tursko4-Bind1-1
DSCN2244,Tursko4-040,Tursko 4,2,DSCN2244|DSCN2245,,,Tursko4-Bind1-1
DSCN2242,Tursko4-041,Tursko 4,2,DSCN2242|DSCN2243,,,Tursko4-Bind1-1
DSCN2241,Tursko4-042,Tursko 4,1,DSCN2241,,,Tursko4-Bind1-1
DSCN2239,Tursko4-043,Tursko 4,2,DSCN2239|DSCN2240,,,Tursko4-Bind1-1
DSCN2238,Tursko4-044,Tursko 4,1,DSCN2238,,,Tursko4-Bind1-1
DSCN2237,Tursko4-045,Tursko 4,1,DSCN2237,,,Tursko4-Bind1-1
DSCN2236,Tursko4-046,Tursko 4,1,DSCN2236,,,Tursko4-Bind1-1
DSCN2235,Tursko4-047,Tursko 4,1,DSCN2235,,,Tursko4-Bind1-1
DSCN2233,Tursko4-048,Tursko 4,2,DSCN2233|DSCN2234,,,Tursko4-Bind1-1
DSCN2208,Tursko4-049,Tursko 4,1,DSCN2208,,,Tursko4-Bind1-1
DSCN2302,Tursko4-050,Tursko 4,1,DSCN2302,,,Tursko4-Bind1-1
DSCN2209,Tursko4-051,Tursko 4,1,DSCN2209,,,Tursko4-Bind1-1
DSCN2211,Tursko4-052,Tursko 4,1,DSCN2211,,,Tursko4-Bind1-1
DSCN2210,Tursko4-053,Tursko 4,1,DSCN2210,,,Tursko4-Bind1-1
DSCN2212,Tursko4-054,Tursko 4,1,DSCN2212,,,Tursko4-Bind1-1
DSCN2215,Tursko4-055,Tursko 4,1,DSCN2215,,,Tursko4-Bind1-1
DSCN2216,Tursko4-056,Tursko 4,2,DSCN2216|DSCN2217,,,Tursko4-Bind1-1
DSCN2218,Tursko4-057,Tursko 4,2,DSCN2218|DSCN2219,,,Tursko4-Bind1-1
DSCN2220,Tursko4-058,Tursko 4,2,DSCN2220|DSCN2221,,,Tursko4-Bind1-1
DSCN2222,Tursko4-059,Tursko 4,2,DSCN2222|DSCN2223,,,Tursko4-Bind1-1
DSCN2224,Tursko4-060,Tursko 4,2,DSCN2224|DSCN2225,,,Tursko4-Bind1-1
DSCN2227,Tursko4-061,Tursko 4,1,DSCN2227,,,Tursko4-Bind1-1
DSCN2229,Tursko4-062,Tursko 4,1,DSCN2229,,,Tursko4-Bind1-1
DSCN2228,Tursko4-063,Tursko 4,1,DSCN2228,,,Tursko4-Bind1-1
DSCN2230,Tursko4-064,Tursko 4,1,DSCN2230,,,Tursko4-Bind1-1
DSCN2231,Tursko4-065,Tursko 4,2,DSCN2231|DSCN2232,,,Tursko4-Bind1-1
DSCN2226,Tursko4-066,Tursko 4,1,DSCN2226,,,Tursko4-Bind1-1
DSCN1987,Tursko4-067,Tursko 4,1,DSCN1987,,,Tursko4-Bind1-1
DSCN1985,Tursko4-068,Tursko 4,2,DSCN1985|DSCN1986,,,Tursko4-Bind1-1
DSCN2035,Tursko4-069,Tursko 4,2,DSCN2035|DSCN2036,,,Tursko4-Bind1-1
DSCN2037,Tursko4-070,Tursko 4,1,DSCN2037,,,Tursko4-Bind1-1
DSCN2038,Tursko4-071,Tursko 4,2,DSCN2038|DSCN2039,,,Tursko4-Bind1-1
DSCN2042,Tursko4-072,Tursko 4,2,DSCN2042|DSCN2043,,,Tursko4-Bind1-1
DSCN2047,Tursko4-073,Tursko 4,2,DSCN2047|DSCN2048,,,Tursko4-Bind1-1
DSCN2049,Tursko4-074,Tursko 4,2,DSCN2049|DSCN2050,,,Tursko4-Bind1-1
DSCN2051,Tursko4-075,Tursko 4,2,DSCN2051|DSCN2052,,,Tursko4-Bind1-1
DSCN2053,Tursko4-076,Tursko 4,2,DSCN2053|DSCN2054,,,Tursko4-Bind1-1
DSCN2055,Tursko4-077,Tursko 4,2,DSCN2055|DSCN2056,,,Tursko4-Bind1-1
DSCN2044,Tursko4-078,Tursko 4,1,DSCN2044,,,Tursko4-Bind1-1
DSCN2057,Tursko4-079,Tursko 4,2,DSCN2057|DSCN2058,,,Tursko4-Bind1-1
DSCN2059,Tursko4-080,Tursko 4,2,DSCN2059|DSCN2060,,,Tursko4-Bind1-1
DSCN2065,Tursko4-081,Tursko 4,1,DSCN2065,,,Tursko4-Bind1-1
DSCN2066,Tursko4-082,Tursko 4,2,DSCN2066|DSCN2067,,,Tursko4-Bind1-1
DSCN2068,Tursko4-083,Tursko 4,2,DSCN2068|DSCN2069,,,Tursko4-Bind1-1
DSCN2070,Tursko4-084,Tursko 4,1,DSCN2070,,,Tursko4-Bind1-1
DSCN1976,Tursko4-085,Tursko 4,2,DSCN1976|DSCN1977,,,Tursko4-Bind1-1
DSCN1978,Tursko4-086,Tursko 4,2,DSCN1978|DSCN1979,,,Tursko4-Bind1-1
DSCN2004,Tursko4-087,Tursko 4,2,DSCN2004|DSCN2005,,,Tursko4-Bind1-1
DSCN2006,Tursko4-088,Tursko 4,2,DSCN2006|DSCN2007,,,Tursko4-Bind1-1
DSCN2008,Tursko4-089,Tursko 4,2,DSCN2008|DSCN2009,,,Tursko4-Bind1-1
DSCN2010,Tursko4-090,Tursko 4,2,DSCN2010|DSCN2011,,,Tursko4-Bind1-1
DSCN2015,Tursko4-091,Tursko 4,1,DSCN2015,,,Tursko4-Bind1-1
DSCN2016,Tursko4-092,Tursko 4,2,DSCN2016|DSCN2017,,,Tursko4-Bind1-1
DSCN2018,Tursko4-093,Tursko 4,1,DSCN2018,,,Tursko4-Bind1-1
DSCN2019,Tursko4-094,Tursko 4,2,DSCN2019|DSCN2020,,,Tursko4-Bind1-1
DSCN2021,Tursko4-095,Tursko 4,2,DSCN2021|DSCN2022,,,Tursko4-Bind1-1
DSCN2023,Tursko4-096,Tursko 4,2,DSCN2023|DSCN2024,,,Tursko4-Bind1-1
DSCN2026,Tursko4-097,Tursko 4,2,DSCN2026|DSCN2027,,,Tursko4-Bind1-1
DSCN2028,Tursko4-098,Tursko 4,2,DSCN2028|DSCN2029,,,Tursko4-Bind1-1
DSCN2030,Tursko4-099,Tursko 4,1,DSCN2030,,,Tursko4-Bind1-1
DSCN2031,Tursko4-100,Tursko 4,2,DSCN2031|DSCN2032,,,Tursko4-Bind1-1
DSCN2033,Tursko4-101,Tursko 4,2,DSCN2033|DSCN2034,,,Tursko4-Bind1-1
DSCN2100,Tursko4-102,Tursko 4,2,DSCN2100|DSCN2101,,,Tursko4-Bind1-1
DSCN2102,Tursko4-103,Tursko 4,1,DSCN2102,,,Tursko4-Bind1-1
DSCN2103,Tursko4-104,Tursko 4,2,DSCN2103|DSCN2104,,,Tursko4-Bind1-1
DSCN2106,Tursko4-105,Tursko 4,2,DSCN2106|DSCN2107,,,Tursko4-Bind1-1
DSCN2108,Tursko4-106,Tursko 4,3,DSCN2108|DSCN2109|DSCN2110,,,Tursko4-Bind1-1
DSCN2083,Tursko4-107,Tursko 4,2,DSCN2083|DSCN2084,,,Tursko4-Bind1-1
DSCN2085,Tursko4-108,Tursko 4,1,DSCN2085,,,Tursko4-Bind1-1
DSCN2088,Tursko4-109,Tursko 4,2,DSCN2088|DSCN2089,,,Tursko4-Bind1-1
DSCN1998,Tursko4-110,Tursko 4,1,DSCN1998,,,Tursko4-Bind1-1
DSCN2001,Tursko4-111,Tursko 4,3,DSCN2001|DSCN2002|DSCN2003,,,Tursko4-Bind1-1
DSCN2090,Tursko4-112,Tursko 4,2,DSCN2090|DSCN2091,,,Tursko4-Bind1-1
DSCN2092,Tursko4-113,Tursko 4,2,DSCN2092|DSCN2093,,,Tursko4-Bind1-1
DSCN2094,Tursko4-114,Tursko 4,2,DSCN2094|DSCN2095,,,Tursko4-Bind1-1
DSCN2096,Tursko4-115,Tursko 4,2,DSCN2096|DSCN2097,,,Tursko4-Bind1-1
DSCN2098,Tursko4-116,Tursko 4,2,DSCN2098|DSCN2099,,,Tursko4-Bind1-1
DSCN2198,Tursko4-117,Tursko 4,1,DSCN2198,,,Tursko4-Bind1-1
DSCN2202,Tursko4-118,Tursko 4,1,DSCN2202,,,Tursko4-Bind1-1
DSCN2203,Tursko4-119,Tursko 4,1,DSCN2203,,,Tursko4-Bind1-1
DSCN2179,Tursko4-120,Tursko 4,2,DSCN2179|DSCN2180,,,Tursko4-Bind1-1
DSCN2196,Tursko4-121,Tursko 4,2,DSCN2196|DSCN2197,,,Tursko4-Bind1-1
DSCN2192,Tursko4-122,Tursko 4,2,DSCN2192|DSCN2193,,,Tursko4-Bind1-1
DSCN2189,Tursko4-123,Tursko 4,1,DSCN2189,,,Tursko4-Bind1-1
DSCN2187,Tursko4-124,Tursko 4,1,DSCN2187,,,Tursko4-Bind1-1
DSCN2185,Tursko4-125,Tursko 4,2,DSCN2185|DSCN2186,,,Tursko4-Bind1-1
DSCN2190,Tursko4-126,Tursko 4,1,DSCN2190,,,Tursko4-Bind1-1
DSCN2191,Tursko4-127,Tursko 4,1,DSCN2191,,,Tursko4-Bind1-1
DSCN2181,Tursko4-128,Tursko 4,1,DSCN2181,,,Tursko4-Bind1-1
DSCN2184,Tursko4-129,Tursko 4,1,DSCN2184,,,Tursko4-Bind1-1
DSCN2182,Tursko4-130,Tursko 4,2,DSCN2182|DSCN2183,,,Tursko4-Bind1-1
DSCN2188,Tursko4-131,Tursko 4,1,DSCN2188,,,
DSCN2194,Tursko4-132,Tursko 4,2,DSCN2194|DSCN2195,,,
DSCN2127,Tursko4-133,Tursko 4,2,DSCN2127|DSCN2128,,,
DSCN2129,Tursko4-134,Tursko 4,2,DSCN2129|DSCN2130,,,
DSCN2125,Tursko4-135,Tursko 4,2,DSCN2125|DSCN2126,,,
DSCN2122,Tursko4-136,Tursko 4,3,DSCN2122|DSCN2123|DSCN2124,,,
DSCN2170,Tursko4-137,Tursko 4,2,DSCN2170|DSCN2171,,,
DSCN2172,Tursko4-138,Tursko 4,2,DSCN2172|DSCN2173,,,
DSCN2174,Tursko4-139,Tursko 4,3,DSCN2174|DSCN2175|DSCN2176,,,
DSCN2177,Tursko4-140,Tursko 4,2,DSCN2177|DSCN2178,,,
DSCN2201,Tursko4-141,Tursko 4,1,DSCN2201,,,
DSCN2199,Tursko4-142,Tursko 4,2,DSCN2199|DSCN2200,,,
DSCN2167,Tursko4-143,Tursko 4,3,DSCN2167|DSCN2168|DSCN2169,,,
DSCN2164,Tursko4-144,Tursko 4,3,DSCN2164|DSCN2165|DSCN2166,,,
DSCN2160,Tursko4-145,Tursko 4,2,DSCN2160|DSCN2161,,,
DSCN2162,Tursko4-146,Tursko 4,2,DSCN2162|DSCN2163,,,
DSCN2158,Tursko4-147,Tursko 4,2,DSCN2158|DSCN2159,,,
DSCN2156,Tursko4-148,Tursko 4,2,DSCN2156|DSCN2157,,,
DSCN2154,Tursko4-149,Tursko 4,2,DSCN2154|DSCN2155,,,
DSCN2152,Tursko4-150,Tursko 4,2,DSCN2152|DSCN2153,,,
DSCN2150,Tursko4-151,Tursko 4,2,DSCN2150|DSCN2151,,,
DSCN2145,Tursko4-152,Tursko 4,2,DSCN2145|DSCN2146,,,
DSCN2147,Tursko4-153,Tursko 4,3,DSCN2147|DSCN2148|DSCN2149,,,
DSCN2141,Tursko4-154,Tursko 4,2,DSCN2141|DSCN2142,,,
DSCN2143,Tursko4-155,Tursko 4,2,DSCN2143|DSCN2144,,,
DSCN2139,Tursko4-156,Tursko 4,2,DSCN2139|DSCN2140,,,
DSCN2137,Tursko4-157,Tursko 4,2,DSCN2137|DSCN2138,,,
DSCN2133,Tursko4-158,Tursko 4,3,DSCN2133|DSCN2135|DSCN2136,,,
DSCN2131,Tursko4-159,Tursko 4,2,DSCN2131|DSCN2132,,,
DSCN1999,Tursko4-160,Tursko 4,2,DSCN1999|DSCN2000,,,
DSCN2086,Tursko4-161,Tursko 4,2,DSCN2086|DSCN2087,,,
DSCN2081,Tursko4-162,Tursko 4,2,DSCN2081|DSCN2082,,,
DSCN2080,Tursko4-163,Tursko 4,1,DSCN2080,,,
DSCN2078,Tursko4-164,Tursko 4,2,DSCN2078|DSCN2079,,,
DSCN2076,Tursko4-165,Tursko 4,2,DSCN2076|DSCN2077,,,
DSCN2074,Tursko4-166,Tursko 4,2,DSCN2074|DSCN2075,,,
DSCN2071,Tursko4-167,Tursko 4,2,DSCN2071|DSCN2072,,,
DSCN2118,Tursko4-168,Tursko 4,2,DSCN2118|DSCN2119,,,
DSCN2120,Tursko4-169,Tursko 4,2,DSCN2120|DSCN2121,,,
DSCN2115,Tursko4-170,Tursko 4,3,DSCN2115|DSCN2116|DSCN2117,,,
DSCN2113,Tursko4-171,Tursko 4,2,DSCN2113|DSCN2114,,,
DSCN2111,Tursko4-172,Tursko 4,2,DSCN2111|DSCN2112,,,
DSCN2105,Tursko4-173,Tursko 4,1,DSCN2105,,,
DSCN2025,Tursko4-174,Tursko 4,1,DSCN2025,,,
DSCN2013,Tursko4-175,Tursko 4,2,DSCN2013|DSCN2014,,,
DSCN2012,Tursko4-176,Tursko 4,1,DSCN2012,,,
DSCN2045,Tursko4-177,Tursko 4,2,DSCN2045|DSCN2046,,,
DSCN2040,Tursko4-178,Tursko 4,2,DSCN2040|DSCN2041,,,
DSCN1980,Tursko4-179,Tursko 4,1,DSCN1980,,,
DSCN1981,Tursko4-180,Tursko 4,2,DSCN1981|DSCN1982,,,
DSCN1983,Tursko4-181,Tursko 4,2,DSCN1983|DSCN1984,,,
DSCN2063,Tursko4-182,Tursko 4,2,DSCN2063|DSCN2064,,,
DSCN2061,Tursko4-183,Tursko 4,2,DSCN2061|DSCN2062,,,
DSCN1997,Tursko4-184,Tursko 4,1,DSCN1997,,,
DSCN1988,Tursko4-185,Tursko 4,2,DSCN1988|DSCN1989,,,
DSCN1990,Tursko4-186,Tursko 4,2,DSCN1990|DSCN1991,,,
DSCN1992,Tursko4-187,Tursko 4,1,DSCN1992,,,
DSCN1993,Tursko4-188,Tursko 4,1,DSCN1993,,,
DSCN1994,Tursko4-189,Tursko 4,2,DSCN1994|DSCN1995,,,
DSCN1996,Tursko4-190,Tursko 4,1,DSCN1996,,,
DSCN2476,Tursko4-191,Tursko 4,2,DSCN2476|DSCN2477,,,
DSCN2472,Tursko4-192,Tursko 4,2,DSCN2472|DSCN2473,,,
DSCN2471,Tursko4-193,Tursko 4,1,DSCN2471,,,
DSCN2469,Tursko4-194,Tursko 4,2,DSCN2469|DSCN2470,,,
DSCN2468,Tursko4-195,Tursko 4,1,DSCN2468,,,
DSCN2466,Tursko4-196,Tursko 4,2,DSCN2466|DSCN2467,,,
DSCN2464,Tursko4-197,Tursko 4,2,DSCN2464|DSCN2465,,,
DSCN2462,Tursko4-198,Tursko 4,2,DSCN2462|DSCN2463,,,
DSCN2461,Tursko4-199,Tursko 4,1,DSCN2461,,,
DSCN2459,Tursko4-200,Tursko 4,2,DSCN2459|DSCN2460,,,
DSCN2457,Tursko4-201,Tursko 4,1,DSCN2457,,,
DSCN2458,Tursko4-202,Tursko 4,1,DSCN2458,,,
DSCN2456,Tursko4-203,Tursko 4,1,DSCN2456,,,
DSCN2474,Tursko4-204,Tursko 4,2,DSCN2474|DSCN2475,,,
DSCN2454,Tursko4-205,Tursko 4,2,DSCN2454|DSCN2455,,,
DSCN2452,Tursko4-206,Tursko 4,2,DSCN2452|DSCN2453,,,
DSCN2451,Tursko4-207,Tursko 4,1,DSCN2451,,,
DSCN2450,Tursko4-208,Tursko 4,1,DSCN2450,,,
DSCN2448,Tursko4-209,Tursko 4,1,DSCN2448,,,
DSCN2445,Tursko4-210,Tursko 4,3,DSCN2445|DSCN2446|DSCN2447,,,
DSCN2442,Tursko4-211,Tursko 4,1,DSCN2442,,,
DSCN2440,Tursko4-212,Tursko 4,2,DSCN2440|DSCN2441,,,
DSCN2438,Tursko4-213,Tursko 4,2,DSCN2438|DSCN2439,,,
DSCN2436,Tursko4-214,Tursko 4,2,DSCN2436|DSCN2437,,,
DSCN2434,Tursko4-215,Tursko 4,2,DSCN2434|DSCN2435,,,
DSCN2433,Tursko4-216,Tursko 4,1,DSCN2433,,,
DSCN2431,Tursko4-217,Tursko 4,2,DSCN2431|DSCN2432,,,
DSCN2430,Tursko4-218,Tursko 4,1,DSCN2430,,,
DSCN2429,Tursko4-219,Tursko 4,1,DSCN2429,,,
DSCN2427,Tursko4-220,Tursko 4,2,DSCN2427|DSCN2428,,,
DSCN2425,Tursko4-221,Tursko 4,2,DSCN2425|DSCN2426,,,
DSCN2424,Tursko4-222,Tursko 4,1,DSCN2424,,,
DSCN2422,Tursko4-223,Tursko 4,2,DSCN2422|DSCN2423,,,
DSCN2421,Tursko4-224,Tursko 4,1,DSCN2421,,,
DSCN2418,Tursko4-225,Tursko 4,1,DSCN2418,,,
DSCN2419,Tursko4-226,Tursko 4,2,DSCN2419|DSCN2420,,,
DSCN2416,Tursko4-227,Tursko 4,2,DSCN2416|DSCN2417,,,
DSCN2415,Tursko4-228,Tursko 4,1,DSCN2415,,,
DSCN2414,Tursko4-229,Tursko 4,1,DSCN2414,,,
DSCN2413,Tursko4-230,Tursko 4,1,DSCN2413,,,
DSCN2411,Tursko4-231,Tursko 4,2,DSCN2411|DSCN2412,,,
DSCN2409,Tursko4-232,Tursko 4,2,DSCN2409|DSCN2410,,,
DSCN2408,Tursko4-233,Tursko 4,1,DSCN2408,,,
DSCN2407,Tursko4-234,Tursko 4,1,DSCN2407,,,
DSCN2406,Tursko4-235,Tursko 4,1,DSCN2406,,,
DSCN2404,Tursko4-236,Tursko 4,2,DSCN2404|DSCN2405,,,
DSCN2401,Tursko4-237,Tursko 4,3,DSCN2401|DSCN2402|DSCN2403,,,
DSCN2399,Tursko4-238,Tursko 4,2,DSCN2399|DSCN2400,,,
DSCN2397,Tursko4-239,Tursko 4,2,DSCN2397|DSCN2398,,,
DSCN2395,Tursko4-240,Tursko 4,2,DSCN2395|DSCN2396,,,
DSCN2393,Tursko4-241,Tursko 4,2,DSCN2393|DSCN2394,,,
DSCN2391,Tursko4-242,Tursko 4,2,DSCN2391|DSCN2392,,,
DSCN2387,Tursko4-243,Tursko 4,2,DSCN2387|DSCN2388,,,
DSCN2390,Tursko4-244,Tursko 4,1,DSCN2390,,,
DSCN2389,Tursko4-245,Tursko 4,1,DSCN2389,,,
DSCN2385,Tursko4-246,Tursko 4,2,DSCN2385|DSCN2386,,,
DSCN2383,Tursko4-247,Tursko 4,2,DSCN2383|DSCN2384,,,
DSCN2382,Tursko4-248,Tursko 4,1,DSCN2382,,,
DSCN2379,Tursko4-249,Tursko 4,2,DSCN2379|DSCN2380,,,
DSCN2381,Tursko4-250,Tursko 4,1,DSCN2381,,,
DSCN2378,Tursko4-251,Tursko 4,1,DSCN2378,,,
DSCN2377,Tursko4-252,Tursko 4,1,DSCN2377,,,
DSCN2375,Tursko4-253,Tursko 4,2,DSCN2375|DSCN2376,,,
DSCN2374,Tursko4-254,Tursko 4,1,DSCN2374,,,
DSCN2373,Tursko4-255,Tursko 4,1,DSCN2373,,,
DSCN2371,Tursko4-256,Tursko 4,2,DSCN2371|DSCN2372,,,
DSCN2369,Tursko4-257,Tursko 4,2,DSCN2369|DSCN2370,,,
DSCN2367,Tursko4-258,Tursko 4,2,DSCN2367|DSCN2368,,,
DSCN2364,Tursko4-259,Tursko 4,3,DSCN2364|DSCN2365|DSCN2366,,,
DSCN2363,Tursko4-260,Tursko 4,1,DSCN2363,,,
DSCN2361,Tursko4-261,Tursko 4,2,DSCN2361|DSCN2362,,,
DSCN2359,Tursko4-262,Tursko 4,2,DSCN2359|DSCN2360,,,
DSCN2357,Tursko4-263,Tursko 4,2,DSCN2357|DSCN2358,,,
DSCN2356,Tursko4-264,Tursko 4,1,DSCN2356,,,
DSCN2354,Tursko4-265,Tursko 4,2,DSCN2354|DSCN2355,,,
DSCN2353,Tursko4-266,Tursko 4,1,DSCN2353,,,
DSCN2351,Tursko4-267,Tursko 4,2,DSCN2351|DSCN2352,,,
DSCN2349,Tursko4-268,Tursko 4,2,DSCN2349|DSCN2350,,,
DSCN2347,Tursko4-269,Tursko 4,2,DSCN2347|DSCN2348,,,
DSCN2345,Tursko4-270,Tursko 4,2,DSCN2345|DSCN2346,,,
DSCN2343,Tursko4-271,Tursko 4,2,DSCN2343|DSCN2344,,,
DSCN2341,Tursko4-272,Tursko 4,2,DSCN2341|DSCN2342,,,
DSCN2338,Tursko4-273,Tursko 4,3,DSCN2338|DSCN2339|DSCN2340,,,
DSCN2336,Tursko4-274,Tursko 4,2,DSCN2336|DSCN2337,,,
DSCN2335,Tursko4-275,Tursko 4,1,DSCN2335,,,
DSCN2332,Tursko4-276,Tursko 4,3,DSCN2332|DSCN2333|DSCN2334,,,
DSCN2330,Tursko4-277,Tursko 4,2,DSCN2330|DSCN2331,,,
DSCN2329,Tursko4-278,Tursko 4,1,DSCN2329,,,
DSCN2327,Tursko4-279,Tursko 4,2,DSCN2327|DSCN2328,,,
DSCN2326,Tursko4-280,Tursko 4,1,DSCN2326,,,
DSCN2325,Tursko4-281,Tursko 4,1,DSCN2325,,,
DSCN2323,Tursko4-282,Tursko 4,2,DSCN2323|DSCN2324,,,
DSCN2322,Tursko4-283,Tursko 4,1,DSCN2322,,,
DSCN2319,Tursko4-284,Tursko 4,3,DSCN2319|DSCN2320|DSCN2321,,,
DSCN2317,Tursko4-285,Tursko 4,2,DSCN2317|DSCN2318,,,
DSCN2315,Tursko4-286,Tursko 4,2,DSCN2315|DSCN2316,,,
DSCN2313,Tursko4-287,Tursko 4,2,DSCN2313|DSCN2314,,,
DSCN2311,Tursko4-288,Tursko 4,2,DSCN2311|DSCN2312,,,
DSCN2309,Tursko4-289,Tursko 4,2,DSCN2309|DSCN2310,,,
DSCN2308,Tursko4-290,Tursko 4,1,DSCN2308,,,
DSCN2306,Tursko4-291,Tursko 4,2,DSCN2306|DSCN2307,,,
DSCN2304,Tursko4-292,Tursko 4,2,DSCN2304|DSCN2305,,,
DSCN2443,Tursko4-293,Tursko 4,2,DSCN2443|DSCN2444,,,
DSCN2204,Tursko4-Bind1,Tursko 4,4,DSCN2204|DSCN2205|DSCN2206|DSCN2207,文書そのものではなくそれをまとめるファイル,,
DSCN1973,Tursko4-Cover,Tursko 4,3,DSCN1973|DSCN1974|DSCN1975,文書そのものではなくそれをまとめるファイル,,
DSCN2303,Tursko4-Cover,Tursko 4,1,DSCN2303,ファイル画像,,
DSCN0465,Tursko6-001,Tursko 6,1,DSCN0465,,,Tursko6-Bind1
DSCN0456,Tursko6-002,Tursko 6,9,DSCN0456|DSCN0457|DSCN0458|DSCN0459|DSCN0460|DSCN0461|DSCN0462|DSCN0463|DSCN0464,,,Tursko6-Bind1
DSCN0466,Tursko6-003,Tursko 6,1,DSCN0466,同じ文書をダブルカウントしていた,,Tursko6-Bind1
DSCN0467,Tursko6-003,Tursko 6,7,DSCN0467|DSCN0468|DSCN0469|DSCN0470|DSCN0471|DSCN0472|DSCN0473,,,Tursko6-Bind1
DSCN0423,Tursko6-004,Tursko 6,9,DSCN0423|DSCN0424|DSCN0425|DSCN0426|DSCN0427|DSCN0428|DSCN0430|DSCN0431|DSCN0432,,,Tursko6-Bind2
DSCN0521,Tursko6-005,Tursko 6,4,DSCN0521|DSCN0522|DSCN0523|DSCN0524,,,Tursko6-Bind3
DSCN0449,Tursko6-006,Tursko 6,2,DSCN0449|DSCN0450,,,Tursko6-Bind4
DSCN0451,Tursko6-007,Tursko 6,2,DSCN0451|DSCN0452,,,Tursko6-Bind4
DSCN0447,Tursko6-008,Tursko 6,2,DSCN0447|DSCN0448,,,Tursko6-Bind4
DSCN0445,Tursko6-009,Tursko 6,2,DSCN0445|DSCN0446,,,Tursko6-Bind4
DSCN0442,Tursko6-010,Tursko 6,3,DSCN0442|DSCN0443|DSCN0444,,,Tursko6-Bind4
DSCN0440,Tursko6-011,Tursko 6,2,DSCN0440|DSCN0441,,,Tursko6-Bind4
DSCN0438,Tursko6-012,Tursko 6,2,DSCN0438|DSCN0439,,,Tursko6-Bind4
DSCN0433,Tursko6-013,Tursko 6,5,DSCN0433|DSCN0434|DSCN0435|DSCN0436|DSCN0437,,,Tursko6-Bind4
DSCN0578,Tursko6-014,Tursko 6,2,DSCN0578|DSCN0579,,,Tursko6-Bind5
DSCN0575,Tursko6-015,Tursko 6,2,DSCN0575|DSCN0577,,,Tursko6-Bind5
DSCN0580,Tursko6-016,Tursko 6,6,DSCN0580|DSCN0581|DSCN0582|DSCN0583|DSCN0584|DSCN0585,,,Tursko6-Bind5
DSCN0586,Tursko6-017,Tursko 6,3,DSCN0586|DSCN0587|DSCN0588,,,Tursko6-Bind5
DSCN0595,Tursko6-018,Tursko 6,3,DSCN0595|DSCN0596|DSCN0597,,,Tursko6-Bind5
DSCN0592,Tursko6-019,Tursko 6,3,DSCN0592|DSCN0593|DSCN0594,,,Tursko6-Bind5
DSCN0590,Tursko6-020,Tursko 6,2,DSCN0590|DSCN0591,,,Tursko6-Bind5
DSCN0589,Tursko6-021,Tursko 6,1,DSCN0589,,,Tursko6-Bind5
DSCN0481,Tursko6-022,Tursko 6,2,DSCN0481|DSCN0482,,,Tursko6-Bind6
DSCN0479,Tursko6-023,Tursko 6,2,DSCN0479|DSCN0480,,,Tursko6-Bind6
DSCN0477,Tursko6-024,Tursko 6,2,DSCN0477|DSCN0478,,,Tursko6-Bind6
DSCN0489,Tursko6-025,Tursko 6,1,DSCN0489,,,Tursko6-Bind7
DSCN0490,Tursko6-026,Tursko 6,1,DSCN0490,,,Tursko6-Bind7
DSCN0491,Tursko6-027,Tursko 6,2,DSCN0491|DSCN0492,,,Tursko6-Bind7
DSCN0493,Tursko6-028,Tursko 6,1,DSCN0493,,,Tursko6-Bind7
DSCN0494,Tursko6-029,Tursko 6,4,DSCN0494|DSCN0495|DSCN0496|DSCN0497,,,Tursko6-Bind7
DSCN0498,Tursko6-030,Tursko 6,1,DSCN0498,,,Tursko6-Bind7
DSCN0499,Tursko6-031,Tursko 6,2,DSCN0499|DSCN0500,,,Tursko6-Bind7
DSCN0501,Tursko6-032,Tursko 6,3,DSCN0501|DSCN0502|DSCN0503,,,Tursko6-Bind7
DSCN0507,Tursko6-033,Tursko 6,2,DSCN0507|DSCN0508,,,Tursko6-Bind8
DSCN0509,Tursko6-034,Tursko 6,2,DSCN0509|DSCN0510,,,Tursko6-Bind8
DSCN0511,Tursko6-035,Tursko 6,1,DSCN0511,,,Tursko6-Bind8
DSCN0512,Tursko6-036,Tursko 6,1,DSCN0512,,,Tursko6-Bind8
DSCN0513,Tursko6-037,Tursko 6,2,DSCN0513|DSCN0514,,,Tursko6-Bind8
DSCN0515,Tursko6-038,Tursko 6,1,DSCN0515,,,Tursko6-Bind8
DSCN0516,Tursko6-039,Tursko 6,2,DSCN0516|DSCN0517,,,Tursko6-Bind8
DSCN0550,Tursko6-040,Tursko 6,3,DSCN0550|DSCN0551|DSCN0552,,,Tursko6-Bind9
DSCN0547,Tursko6-041,Tursko 6,3,DSCN0547|DSCN0548|DSCN0549,,,Tursko6-Bind9
DSCN0546,Tursko6-042,Tursko 6,1,DSCN0546,,,Tursko6-Bind9
DSCN0544,Tursko6-043,Tursko 6,1,DSCN0544,,,Tursko6-Bind9
DSCN0543,Tursko6-044,Tursko 6,1,DSCN0543,,,Tursko6-Bind9
DSCN0542,Tursko6-045,Tursko 6,1,DSCN0542,,,Tursko6-Bind9
DSCN0541,Tursko6-046,Tursko 6,1,DSCN0541,,,Tursko6-Bind9
DSCN0539,Tursko6-047,Tursko 6,2,DSCN0539|DSCN0540,,,Tursko6-Bind9
DSCN0537,Tursko6-048,Tursko 6,2,DSCN0537|DSCN0538,,,Tursko6-Bind9
DSCN0533,Tursko6-049,Tursko 6,4,DSCN0533|DSCN0534|DSCN0535|DSCN0536,,,Tursko6-Bind9
DSCN0530,Tursko6-050,Tursko 6,3,DSCN0530|DSCN0531|DSCN0532,,,Tursko6-Bind9
DSCN0528,Tursko6-051,Tursko 6,2,DSCN0528|DSCN0529,,,Tursko6-Bind9
DSCN0556,Tursko6-052,Tursko 6,2,DSCN0556|DSCN0557,,,Tursko6-Bind10
DSCN0558,Tursko6-053,Tursko 6,2,DSCN0558|DSCN0559,,,Tursko6-Bind10
DSCN0560,Tursko6-054,Tursko 6,3,DSCN0560|DSCN0561|DSCN0562,,,Tursko6-Bind10
DSCN0563,Tursko6-055,Tursko 6,2,DSCN0563|DSCN0564,,,Tursko6-Bind10
DSCN0565,Tursko6-056,Tursko 6,4,DSCN0565|DSCN0566|DSCN0567|DSCN0568,,,Tursko6-Bind10
DSCN0569,Tursko6-057,Tursko 6,3,DSCN0569|DSCN0570|DSCN0571,,,Tursko6-Bind10
DSCN0574,Tursko6-Bind11,Tursko 6,1,DSCN0574,※該当する新画像なし,,
DSCN0488,Tursko6-Bind7,Tursko 6,1,DSCN0488,"Day12_IMG_0046.jpg, ",,
DSCN0518,Tursko6-Bind8,Tursko 6,2,DSCN0518|DSCN0520,Day12_IMG_0094.jpg,,
DSCN0422,Tursko6-Cover,Tursko 6,1,DSCN0422,Day11_IMG_0119.jpg,,
DSCN0474,Tursko6-Summary1,Tursko 6,2,DSCN0474|DSCN0475,Day11_IMG_0136.jpg,,
DSCN0455,Tursko6-Summary1,Tursko 6,1,DSCN0455,Day11_IMG_0136.jpg,,
DSCN0453,Tursko6-Summary4,Tursko 6,2,DSCN0453|DSCN0454,Day11_IMG_0166.jpg,,
DSCN0483,Tursko6-Summary5,Tursko 6,5,DSCN0483|DSCN0484|DSCN0485|DSCN0486|DSCN0487,"Day12_IMG_0036.jpg, IMG_0037.jpg, IMG_0038.jpg",,
DSCN0476,Tursko6-Summary5,Tursko 6,1,DSCN0476,Day12_IMG_0036.JPG,,
DSCN0504,Tursko6-Summary7,Tursko 6,3,DSCN0504|DSCN0505|DSCN0506,,,
DSCN0525,Tursko6-Summary8,Tursko 6,3,DSCN0525|DSCN0526|DSCN0527,Day12_IMG_0116.jpg,,
DSCN0553,Tursko6-Summary8,Tursko 6,3,DSCN0553|DSCN0554|DSCN0555,Day12_IMG_0116.JPG,,
DSCN0572,Tursko6-Summary9,Tursko 6,2,DSCN0572|DSCN0573,"Day12_IMG_0149.JPG, IMG_0050.jpg",,
DSCN0599,Tursko7-001,Tursko 7,2,DSCN0599|DSCN0600,,,
DSCN0601,Tursko7-002,Tursko 7,8,DSCN0601|DSCN0602|DSCN0603|DSCN0604|DSCN0605|DSCN0606|DSCN0607|DSCN0608,,,
DSCN0609,Tursko7-003,Tursko 7,3,DSCN0609|DSCN0610|DSCN0611,,,
DSCN0612,Tursko7-004,Tursko 7,1,DSCN0612,,,
DSCN0613,Tursko7-005,Tursko 7,1,DSCN0613,同じ文書をダブルカウントしていた,,
DSCN0614,Tursko7-005,Tursko 7,1,DSCN0614,同じ文書をダブルカウントしていた,,
DSCN0615,Tursko7-006,Tursko 7,3,DSCN0615|DSCN0616|DSCN0617,,,
DSCN0618,Tursko7-007,Tursko 7,1,DSCN0618,,,
DSCN0619,Tursko7-008,Tursko 7,1,DSCN0619,,,
DSCN0620,Tursko7-009,Tursko 7,2,DSCN0620|DSCN0621,,,
DSCN0622,Tursko7-010,Tursko 7,2,DSCN0622|DSCN0623,,,
DSCN0624,Tursko7-011,Tursko 7,2,DSCN0624|DSCN0625,,,
DSCN0626,Tursko7-012,Tursko 7,2,DSCN0626|DSCN0627,,,
DSCN0628,Tursko7-013,Tursko 7,1,DSCN0628,,,
DSCN0629,Tursko7-014,Tursko 7,4,DSCN0629|DSCN0630|DSCN0631|DSCN0632,,,
DSCN0633,Tursko7-015,Tursko 7,3,DSCN0633|DSCN0634|DSCN0635,,,
DSCN0644,Tursko7-016,Tursko 7,2,DSCN0644|DSCN0645,,,
DSCN0650,Tursko7-017,Tursko 7,4,DSCN0650|DSCN0651|DSCN0652|DSCN0653,,,
DSCN0654,Tursko7-018,Tursko 7,4,DSCN0654|DSCN0655|DSCN0656|DSCN0657,,,
DSCN0658,Tursko7-019,Tursko 7,3,DSCN0658|DSCN0659|DSCN0660,,,
DSCN0661,Tursko7-020,Tursko 7,1,DSCN0661,,,
DSCN0663,Tursko7-021,Tursko 7,2,DSCN0663|DSCN0664,,,
DSCN0662,Tursko7-022,Tursko 7,1,DSCN0662,,,
DSCN0669,Tursko7-023,Tursko 7,4,DSCN0669|DSCN0670|DSCN0671|DSCN0672,,,
DSCN0665,Tursko7-024,Tursko 7,4,DSCN0665|DSCN0666|DSCN0667|DSCN0668,,,
DSCN0648,Tursko7-025,Tursko 7,2,DSCN0648|DSCN0649,,,
DSCN0646,Tursko7-026,Tursko 7,2,DSCN0646|DSCN0647,,,
DSCN0642,Tursko7-027,Tursko 7,2,DSCN0642|DSCN0643,,,
DSCN0640,Tursko7-028,Tursko 7,2,DSCN0640|DSCN0641,,,
DSCN0636,Tursko7-029,Tursko 7,2,DSCN0636|DSCN0637,,,
DSCN0638,Tursko7-030,Tursko 7,1,DSCN0638,,,
DSCN0639,Tursko7-031,Tursko 7,1,DSCN0639,,,
DSCN0673,Tursko7-032,Tursko 7,6,DSCN0673|DSCN0674|DSCN0677|DSCN0678|DSCN0680|DSCN0681,※間違ってTursko7-023を被りで振ってしまったので、Tursko7-032として振り直した。本来の現秩序は、Tursko7-023の直後に配置されていた。,,
DSCN0598,Tursko7-Cover,Tursko 7,1,DSCN0598,Day12_IMG_0167.jpg,,
DSCN0853,Tursko8-001,Tursko 8,8,DSCN0853|DSCN0855|DSCN0856|DSCN0857|DSCN0859|DSCN0860|DSCN0861|DSCN0862,"※もとのアイテム分けが間違っている。DSCN0853, DSCN0855はTursko8-004に入るべきもの。",,
DSCN0847,Tursko8-002,Tursko 8,1,DSCN0847,,,
DSCN0848,Tursko8-003,Tursko 8,2,DSCN0848|DSCN0849,,,
DSCN0850,Tursko8-004,Tursko 8,3,DSCN0850|DSCN0851|DSCN0852,,,
DSCN0832,Tursko8-005,Tursko 8,4,DSCN0832|DSCN0833|DSCN0834|DSCN0835,,,
DSCN0842,Tursko8-006,Tursko 8,5,DSCN0842|DSCN0843|DSCN0844|DSCN0845|DSCN0846,,,
DSCN0768,Tursko8-007,Tursko 8,48,DSCN0768|DSCN0771|DSCN0772|DSCN0775|DSCN0776|DSCN0777|DSCN0778|DSCN0779|DSCN0780|DSCN0781|DSCN0782|DSCN0783|DSCN0784|DSCN0785|DSCN0786|DSCN0787|DSCN0788|DSCN0789|DSCN0790|DSCN0791|DSCN0792|DSCN0793|DSCN0794|DSCN0795|DSCN0796|DSCN0797|DSCN0798|DSCN0799|DSCN0800|DSCN0801|DSCN0802|DSCN0803|DSCN0804|DSCN0805|DSCN0806|DSCN0807|DSCN0808|DSCN0809|DSCN0810|DSCN0811|DSCN0812|DSCN0813|DSCN0814|DSCN0815|DSCN0816|DSCN0817|DSCN0818|DSCN0819,,,Tursko8-Bind1
DSCN0697,Tursko8-008,Tursko 8,4,DSCN0697|DSCN0698|DSCN0699|DSCN0700,,,Tursko8-Bind1
DSCN0721,Tursko8-009,Tursko 8,13,DSCN0721|DSCN0722|DSCN0723|DSCN0724|DSCN0725|DSCN0726|DSCN0727|DSCN0728|DSCN0729|DSCN0730|DSCN0732|DSCN0733|DSCN0734,,,Tursko8-Bind1
DSCN0684,Tursko8-010,Tursko 8,3,DSCN0684|DSCN0685|DSCN0686,,,Tursko8-Bind1
DSCN0687,Tursko8-011,Tursko 8,10,DSCN0687|DSCN0688|DSCN0689|DSCN0690|DSCN0691|DSCN0692|DSCN0693|DSCN0694|DSCN0695|DSCN0696,,,Tursko8-Bind1
DSCN0719,Tursko8-012,Tursko 8,2,DSCN0719|DSCN0720,,,Tursko8-Bind1
DSCN0737,Tursko8-013,Tursko 8,3,DSCN0737|DSCN0738|DSCN0739,,,Tursko8-Bind1
DSCN0701,Tursko8-014,Tursko 8,2,DSCN0701|DSCN0702,,,Tursko8-Bind1
DSCN0703,Tursko8-015,Tursko 8,1,DSCN0703,,,Tursko8-Bind1
DSCN0704,Tursko8-016,Tursko 8,5,DSCN0704|DSCN0705|DSCN0706|DSCN0707|DSCN0708,,,Tursko8-Bind1
DSCN0709,Tursko8-017,Tursko 8,4,DSCN0709|DSCN0710|DSCN0712|DSCN0714,,,Tursko8-Bind1
DSCN0715,Tursko8-018,Tursko 8,3,DSCN0715|DSCN0716|DSCN0717,,,Tursko8-Bind1
DSCN0736,Tursko8-019,Tursko 8,1,DSCN0736,,,Tursko8-Bind1
DSCN0743,Tursko8-020,Tursko 8,2,DSCN0743|DSCN0744,,,Tursko8-Bind2
DSCN0745,Tursko8-021,Tursko 8,1,DSCN0745,,,Tursko8-Bind2
DSCN0746,Tursko8-022,Tursko 8,1,DSCN0746,,,Tursko8-Bind2
DSCN0748,Tursko8-023,Tursko 8,1,DSCN0748,,,Tursko8-Bind2
DSCN0747,Tursko8-024,Tursko 8,1,DSCN0747,,,Tursko8-Bind2
DSCN0749,Tursko8-025,Tursko 8,5,DSCN0749|DSCN0750|DSCN0751|DSCN0752|DSCN0753,,,Tursko8-Bind2
DSCN0754,Tursko8-026,Tursko 8,3,DSCN0754|DSCN0756|DSCN0757,,,Tursko8-Bind2
DSCN0759,Tursko8-027,Tursko 8,3,DSCN0759|DSCN0760|DSCN0761,,,Tursko8-Bind2
DSCN0762,Tursko8-028,Tursko 8,2,DSCN0762|DSCN0763,,,Tursko8-Bind2
DSCN0764,Tursko8-029,Tursko 8,1,DSCN0764,,,Tursko8-Bind2
DSCN0765,Tursko8-030,Tursko 8,1,DSCN0765,,,Tursko8-Bind2
DSCN0824,Tursko8-031,Tursko 8,2,DSCN0824|DSCN0825,,,
DSCN0822,Tursko8-032,Tursko 8,2,DSCN0822|DSCN0823,,,
DSCN0820,Tursko8-033,Tursko 8,2,DSCN0820|DSCN0821,,,
DSCN0826,Tursko8-034,Tursko 8,3,DSCN0826|DSCN0827|DSCN0828,,,Tursko8-Bind3
DSCN0829,Tursko8-035,Tursko 8,3,DSCN0829|DSCN0830|DSCN0831,,,
DSCN0836,Tursko8-036,Tursko 8,5,DSCN0836|DSCN0838|DSCN0839|DSCN0840|DSCN0841,※間違ってTursko8-004を被りで振ってしまったので、Tursko8-036として振り直した。本来の現秩序は、Tursko7-004の直後に配置されていた。,,
DSCN0718,Tursko8-037?,Tursko 8,1,DSCN0718,"Day13_IMG_0140.jpg, IMG_0141.jpg　※今回の撮影時、文書とは見なさなかったため番号を振らなかった。必要であれば、Tursko8-037として扱う。",,
DSCN0740,Tursko8-Bind3,Tursko 8,3,DSCN0740|DSCN0741|DSCN0742,"Day13_IMG_0145.jpg, IMG_0146.jpg, IMG_0147.jpg, IMG_0148.jpg, IMG_0149.jpg, IMG_0150.jpg, IMG_0151.jpg, ",,
DSCN0766,Tursko8-Bind3,Tursko 8,1,DSCN0766,"Day13_IMG_0145.jpg, IMG_0146.jpg, IMG_0147.jpg, IMG_0148.jpg, IMG_0149.jpg, IMG_0150.jpg, IMG_0151.jpg, ",,
DSCN0682,Tursko8-Cover,Tursko 8,2,DSCN0682|DSCN0683,"Day13_IMG_0048.jpg, IMG_0049.jpg",,
DSCN0865,Tursko9-001,Tursko 9,20,DSCN0865|DSCN0866|DSCN0867|DSCN0868|DSCN0869|DSCN0870|DSCN0871|DSCN0872|DSCN0873|DSCN0874|DSCN0875|DSCN0876|DSCN0877|DSCN0878|DSCN0879|DSCN0880|DSCN0881|DSCN0882|DSCN0883|DSCN0884,,,
DSCN0863,Tursko9-Cover,Tursko 9,1,DSCN0863,Day14_IMG_0011.jpg,,
DSCN0864,Tursko9-Summary1,Tursko 9,1,DSCN0864,"Day14_IMG_0012.jpg, IMG_0013.jpg, IMG_0014.jpg",,
,TurskoBlueFolder-001,,,,,,
,TurskoBlueFolder-002,,,,,,
DSCN0394,,Tursko 3,1,DSCN0394,これに続く文書を並べて撮ったものなのでこれ自体に整理番号は振らなかった,,
DSCN2478,,Tursko 5,4,DSCN2478|DSCN2479|DSCN2480|DSCN2481,2024-01-09: これらは不使用,,
DSCN2482,,Tursko 5,1,DSCN2482,2024-01-09: これらは不使用,,
DSCN2483,,Tursko 5,2,DSCN2483|DSCN2484,2024-01-09: これらは不使用,,
DSCN2485,,Tursko 5,2,DSCN2485|DSCN2486,2024-01-09: これらは不使用,,
DSCN2487,,Tursko 5,2,DSCN2487|DSCN2488,2024-01-09: これらは不使用,,
DSCN2489,,Tursko 5,2,DSCN2489|DSCN2490,2024-01-09: これらは不使用,,
DSCN2491,,Tursko 5,2,DSCN2491|DSCN2492,2024-01-09: これらは不使用,,
DSCN2493,,Tursko 5,2,DSCN2493|DSCN2494,2024-01-09: これらは不使用,,
DSCN2495,,Tursko 5,2,DSCN2495|DSCN2496,2024-01-09: これらは不使用,,
DSCN2497,,Tursko 5,2,DSCN2497|DSCN2498,2024-01-09: これらは不使用,,
DSCN2499,,Tursko 5,2,DSCN2499|DSCN2500,2024-01-09: これらは不使用,,
DSCN2501,,Tursko 5,2,DSCN2501|DSCN2502,2024-01-09: これらは不使用,,