element,created,fond,title,type_formatted,type
item,2050-12-30,Tursko 6,DSCN0586,ʿARZIHĀL,
item,1777-10-28,Tursko 4,DSCN2391,MÜRĀSELE,
item,1817-12-04,Tursko 4,DSCN2385,EMIN,
item,1761-12-21,Tursko 6,DSCN0592,[Missing I] IʿLĀM|NOTE|SUMMARY,
item,1739-04-08,Tursko 4,DSCN2434,EMIN,
item,1807-07-12,Tursko 1,DSCN1883,HÜCCET,
item,2050-12-30,Tursko 3,DSCN9207,SENED,
item,1820-10-06,Tursko 3,DSCN9213,EMIN,
item,1789-09-19,Tursko 3,DSCN0237,EMIN,
item,1786-10-04,Tursko 4,DSCN2408,MÜRĀSELE,
item,1759-02-04,Tursko 1,DSCN1673,ʿARZIHĀL|,
item,2050-12-30,Tursko 4,DSCN2187,FETVĀ,
item,1784-02-20,Tursko 4,DSCN0974,MÜRĀSELE,
item,1801-10-25,Tursko 3,DSCN9005,MÜRĀSELE,
item,1845-12-28,Tursko 8,DSCN0747,SENED,
item,1825-12-27,Tursko 4,DSCN2150,EMIN,
item,1773-03-22,Tursko 3,DSCN9011,EMIN,
item,1835-04-27,Tursko 3,DSCN9039,EMIN,
item,1850-08-23,Tursko 3,DSCN0196,EMIN,
item,1849-11-14,Tursko 3,DSCN0182,EMIN,
item,1825-12-02,Tursko 7,DSCN0633,IʿLĀM,
item,1834-11-01,Tursko 3,DSCN9171,EMIN,
item,1855-11-20,Tursko 3,DSCN0155,SENED,
item,1850-11-04,Tursko 3,DSCN0141,EMIN,
item,1751-11-17,Tursko 4,DSCN2030,EMIN,
item,1769-05-05,Tursko 3,DSCN9165,EMIN,
item,1799-07-29,Tursko 4,DSCN2018,MÜRĀSELE,
item,1833-07-20,Tursko 3,DSCN0169,HÜCCET,
item,1817-11-08,Tursko 3,DSCN9159,EMIN,
item,1842-10-22,Tursko 1,DSCN1934,EMIN,
item,1792-08-08,Tursko 1,DSCN1908,MÜRĀSELE,
item,1856-08-30,Tursko 3,DSCN0357,SENED,
item,1755-03-06,Tursko 4,DSCN2226,TEZKIRE,
item,1780-12-25,Tursko 3,DSCN9373,UNKNOWN,
item,1804-04-09,Tursko 3,DSCN9367,EMIN,
item,1882-07-07,Tursko 1,DSCN1060,FERMĀN,
item,2050-12-30,Tursko 1,DSCN1712,[Missing I] [Missing D] CROATIAN,
item,1782-09-11,Tursko 4,DSCN2233,UNKNOWN,
item,2050-12-30,Tursko 3,DSCN9366,UNKNOWN,
item,1856-11-03,Tursko 3,DSCN0342,SENED,
item,2050-12-30,Tursko 3,DSCN9372,[Missing I] [Missing D] CROATIAN,
item,2050-12-30,Tursko 4,DSCN2227,UNKNOWN,
item,1841-01-01,Tursko 1,DSCN1921,HÜCCET,
item,1859-01-23,Tursko 3,DSCN0381,NĀME,
item,1841-10-15,Tursko 3,DSCN0395,MAKBŪZ,
item,2050-12-30,Tursko 4,DSCN2019,EMIN,
item,1852-03-09,Tursko 7,DSCN0626,BUYURULDU,
item,1785-07-16,Tursko 4,DSCN2031,MÜRĀSELE,
item,1828-12-11,Tursko 4,DSCN2025,MÜRĀSELE,
item,1820-10-06,Tursko 3,DSCN0154,EMIN,
item,2050-12-30,Tursko 8,DSCN0829,UNKNOWN,
item,1780-12-25,Tursko 4,DSCN2179,MÜRĀSELE,
item,1814-12-11,Tursko 3,DSCN9038,EMIN,
item,1831-06-09,Tursko 4,DSCN2145,EMIN,
item,1869-07-02,Tursko 8,DSCN0746,TEZKIRE,
item,2050-12-30,Tursko 1,DSCN0975,[Missing I] EMIN|STAMP|SUMMARY,
item,1818-03-17,Tursko 1,DSCN0961,EMIN,
item,1855-10-08,Tursko 1,DSCN0949,UNKNOWN,
item,2050-12-30,Tursko 4,DSCN2192,FETVĀ,
item,1781-11-06,Tursko 4,DSCN2409,MÜRĀSELE,
item,1848-01-05,Tursko 6,DSCN0578,EMIN,
item,2050-12-30,Tursko 4,DSCN2347,TEZKIRE,
item,2050-12-30,Tursko 3,DSCN9212,SENED,
item,1801-06-04,Tursko 6,DSCN0550,HÜCCET,
item,1821-09-26,Tursko 3,DSCN0236,EMIN,
item,2050-12-30,Tursko 4,DSCN2421,DEFTER,
item,1800-05-23,Tursko 3,DSCN0222,EMIN,
item,2050-12-30,Tursko 3,DSCN9206,SENED,
item,1865-05-04,Tursko 1,DSCN1882,SENED,
item,1868-01-22,Tursko 6,DSCN0544,UNKNOWN,
item,1802-05-13,Tursko 4,DSCN2353,MÜRĀSELE,
item,1807-08-09,Tursko 1,DSCN1869,ʿARZIHĀL,
item,1785-01-08,Tursko 1,DSCN1855,ʿARZIHĀL,
item,2050-12-30,Tursko 4,DSCN2390,EMIN,
item,1772-07-11,Tursko 1,DSCN1841,HÜCCET,
item,1868-02-14,Tursko 1,DSCN1699,HÜCCET,
item,1780-08-25,Tursko 1,DSCN1857,MÜRĀSELE,
item,1826-06-03,Tursko 1,DSCN1843,ʿARZIHĀL,
item,2050-12-30,Tursko 3,DSCN9210,[Missing I] SENED|[Missing D] MEMO,
item,1801-10-08,Tursko 4,DSCN2345,UNKNOWN,
item,1798-03-25,Tursko 4,DSCN2351,ʿILMÜHABER,
item,1820-12-12,Tursko 6,DSCN0546,TEZKIRE,
item,1782-07-17,Tursko 1,DSCN1658,ʿARZIHĀL,
item,1837-04-05,Tursko 3,DSCN0220,EMIN,
item,1776-05-12,Tursko 4,DSCN2379,MÜRĀSELE,
item,1852-06-25,Tursko 1,DSCN1664,HÜCCET,
item,2050-12-30,Tursko 4,DSCN2184,UNKNOWN,
item,2050-12-30,Tursko 4,DSCN2190,UNKNOWN,
item,1835-04-27,Tursko 4,DSCN2147,EMIN,
item,1849-11-14,Tursko 3,DSCN0181,EMIN,
item,1788-02-22,Tursko 4,DSCN2033,MÜRĀSELE,
item,1804-08-25,Tursko 7,DSCN0624,BUYURULDU,
item,1806-02-07,Tursko 7,DSCN0618,BUYURULDU,
item,1858-09-30,Tursko 3,DSCN0383,UNKNOWN,
item,1842-06-26,Tursko 1,DSCN1937,EMIN,
item,1842-02-10,Tursko 3,DSCN0397,MAKBŪZ,
item,2050-12-30,Tursko 3,DSCN9364,TEZKIRE,
item,1784-10-20,Tursko 4,DSCN2231,MÜRĀSELE,
item,1837-04-05,Tursko 3,DSCN9370,EMIN,
item,1846-09-09,Tursko 3,DSCN9358,EMIN,
item,2050-12-30,Tursko 3,DSCN0368,EMIN,
item,2050-12-30,Tursko 4,DSCN2218,YAFTA,
item,2050-12-30,Tursko 3,DSCN9359,SUMMARY,
item,1867-05-01,Tursko 1,DSCN1705,ʿILMÜHABER,
item,1807-03-04,Tursko 6,DSCN0433,BUYURULDU,
item,1891-08-04,Tursko 3,DSCN9371,UNKNOWN,
item,1787-11-12,Tursko 4,DSCN2224,YAFTA,
item,1843-11-20,Tursko 4,DSCN2230,TEZKIRE,
item,1772-05-27,Tursko 1,DSCN1739,HÜCCET,
item,1842-10-22,Tursko 1,DSCN1936,EMIN,
item,1842-02-10,Tursko 3,DSCN0396,MAKBŪZ,
item,1802-05-17,Tursko 7,DSCN0619,BUYURULDU,
item,1793-10-20,Tursko 4,DSCN2026,EMIN,
item,1832-05-29,Tursko 3,DSCN9173,EMIN,
item,1845-01-08,Tursko 3,DSCN0143,EMIN,
item,2050-12-30,Tursko 3,DSCN9198,FETVĀ,
item,1820-10-10,Tursko 3,DSCN0194,EMIN,
item,1825-08-13,Tursko 4,DSCN2152,EMIN,
item,1872-03-09,Tursko 8,DSCN0745,ʿILMÜHABER,
item,1810-02-03,Tursko 3,DSCN9007,EMIN,
item,1820-05-11,Tursko 1,DSCN0989,HÜCCET,
item,1771-05-06,Tursko 3,DSCN9013,EMIN,
item,1802-07-29,Tursko 1,DSCN0976,[Missing I] EMIN|STAMP|SUMMARY,
item,2050-12-30,Tursko 4,DSCN2191,SUMMARY,
item,2050-12-30,Tursko 4,DSCN2185,TAHVĪL,
item,1837-04-05,Tursko 3,DSCN9239,EMIN,
item,2050-12-30,Tursko 3,DSCN0209,FETVĀ,
item,1846-04-30,Tursko 1,DSCN1671,BUYURULDU,
item,1763-07-11,Tursko 4,DSCN2378,EMIN,
item,2050-12-30,Tursko 3,DSCN9205,SENED,
item,1869-03-29,Tursko 1,DSCN1881,SENED,
item,1814-10-14,Tursko 6,DSCN0547,MEKTŪP,
item,2050-12-30,Tursko 4,DSCN2436,MÜRĀSELE,
item,1829-03-04,Tursko 4,DSCN2422,EMIN,
item,2050-12-30,Tursko 1,DSCN1895,UNKNOWN,
item,2050-12-30,Tursko 6,DSCN0553,SUMMARY,
item,2050-12-30,Tursko 4,DSCN2393,TEZKIRE,
item,1787-07-23,Tursko 1,DSCN1856,BUYURULDU,
item,2050-12-30,Tursko 6,DSCN0590,ʿARZIHĀL,
item,2050-12-30,Tursko 4,DSCN2387,MÜRĀSELE,
item,2050-12-30,Tursko 4,DSCN2383,[Missing I] SUMMARY|TEZKIRE|UNKNOWN|[Missing D] MEMO_CROATIAN,
item,1774-12-30,Tursko 1,DSCN1846,EMIN,
item,1864-08-31,Tursko 6,DSCN0580,MÜZEKKIRE,
item,1792-09-01,Tursko 4,DSCN2397,MÜRĀSELE,
item,1847-08-09,Tursko 1,DSCN1675,TEZKIRE,
item,1829-01-05,Tursko 3,DSCN9229,EMIN,
item,2050-12-30,Tursko 1,DSCN1891,ʿILMÜHABER,
item,1808-02-26,Tursko 3,DSCN9215,EMIN,
item,1776-02-19,Tursko 4,DSCN2354,EMIN,
item,2050-12-30,Tursko 1,DSCN1885,UNKNOWN,
item,2050-12-30,Tursko 6,DSCN0543,UNKNOWN,
item,2050-12-30,Tursko 3,DSCN9201,SENED,
item,1777-03-24,Tursko 1,DSCN0972,EMIN,
item,1858-07-19,Tursko 1,DSCN0966,ʿILMÜHABER,
item,2050-12-30,Tursko 4,DSCN2181,DEFTER,
item,2050-12-30,Tursko 3,DSCN9003,IʿLĀM,
item,1826-08-03,Tursko 4,DSCN2156,EMIN,
item,1850-02-22,Tursko 3,DSCN0184,EMIN,
item,1844-09-03,Tursko 3,DSCN0190,EMIN,
item,1781-04-09,Tursko 7,DSCN0609,DEFTER,
item,1844-10-28,Tursko 3,DSCN0147,EMIN,
item,2050-12-30,Tursko 1,DSCN1932,EMIN,
item,2050-12-30,Tursko 4,DSCN2208,UNKNOWN,
item,1867-05-01,Tursko 1,DSCN1701,ʿILMÜHABER,
item,1844-08-03,Tursko 3,DSCN0379,EMIN,
item,2050-12-30,Tursko 3,DSCN9349,TEZKIRE,
item,1864-02-06,Tursko 6,DSCN0423,HÜCCET,
item,1794-01-31,Tursko 4,DSCN2220,YAFTA,
item,1833-07-20,Tursko 3,DSCN0350,HÜCCET,
item,1805-11-06,Tursko 1,DSCN1728,HÜCCET,
item,1835-04-27,Tursko 3,DSCN9374,EMIN,
item,2050-12-30,Tursko 4,DSCN2235,UNKNOWN,
item,2050-12-30,Tursko 6,DSCN0422,FOLDERCOVER,
item,2050-12-30,Tursko 3,DSCN9360,UNKNOWN,
item,1855-12-06,Tursko 3,DSCN0344,ʿILMÜHABER,
item,1705-10-18,Tursko 3,DSCN9348,EMIN,
item,2050-12-30,Tursko 4,DSCN2209,UNKNOWN,
item,1785-08-23,Tursko 2,DSCN8917,BUYURULDU,
item,1857-06-06,Tursko 3,DSCN0387,HÜCCET,
item,1815-12-01,Tursko 4,DSCN2023,EMIN,
item,2050-12-30,Tursko 3,DSCN9176,UNKNOWN,
item,1835-06-03,Tursko 3,DSCN9162,EMIN,
item,1801-06-08,Tursko 7,DSCN0620,BUYURULDU,
item,1776-10-16,Tursko 4,DSCN2037,MÜRĀSELE,
item,2050-12-30,Tursko 8,DSCN0740,FOLDERCOVER,
item,1810-05-01,Tursko 1,DSCN0998,UNKNOWN,
item,1866-05-14,Tursko 8,DSCN0754,[Missing I] [Missing D] VIRGÜ_VARAKA,
item,1768-09-20,Tursko 3,DSCN9016,TEZKIRE,
item,1837-04-05,Tursko 4,DSCN2143,EMIN,
item,2050-12-30,Tursko 8,DSCN0768,[Missing I] [Missing D] SUBHAY-ISIBYAN,
item,2050-12-30,Tursko 4,DSCN2194,DEFTER,
item,1785-04-16,Tursko 4,DSCN2433,MÜRĀSELE,
item,1833-05-18,Tursko 3,DSCN0224,EMIN,
item,2050-12-30,Tursko 3,DSCN9200,SENED,
item,1709-04-21,Tursko 6,DSCN0542,BUYURULDU,
item,1787-05-07,Tursko 4,DSCN2341,MÜRĀSELE,
item,1785-01-13,Tursko 1,DSCN1648,ʿARZIHĀL,
item,1786-06-02,Tursko 6,DSCN0556,ʿARZIHĀL|,
item,1836-04-15,Tursko 3,DSCN0230,EMIN,
item,2050-12-30,Tursko 4,DSCN2427,UNKNOWN,
item,1850-11-04,Tursko 3,DSCN0218,EMIN,
item,1785-11-21,Tursko 4,DSCN2369,[Missing I] SUMMARY|[Missing D] IZIN,
item,1821-04-23,Tursko 6,DSCN0595,EMIN,
item,1798-08-16,Tursko 1,DSCN1853,IʿLĀM,
item,2050-12-30,Tursko 4,DSCN2382,UNKNOWN,
item,1786-06-17,Tursko 1,DSCN1879,EMIN,
item,1794-06-06,Tursko 1,DSCN1851,TAKRĪR,
item,2050-12-30,Tursko 1,DSCN1662,※UNKNOWNとりたい,
item,1840-04-26,Tursko 4,DSCN2419,EMIN,
item,1846-04-30,Tursko 1,DSCN1676,IʿLĀM,
item,1809-12-11,Tursko 4,DSCN2357,TEZKIRE,
item,2050-12-30,Tursko 3,DSCN9202,SENED,
item,1799-06-02,Tursko 3,DSCN0226,EMIN,
item,1768-12-01,Tursko 4,DSCN2431,MEMHŪR,
item,1768-11-20,Tursko 4,DSCN2425,MÜRĀSELE,
item,1861-08-27,Tursko 3,DSCN0232,HÜCCET,
item,1777-02-07,Tursko 4,DSCN2343,EMIN,
item,2050-12-30,Tursko 4,DSCN2196,FETVĀ,
item,2050-12-30,Tursko 4,DSCN2182,UNKNOWN,
item,1802-05-01,Tursko 3,DSCN9028,EMIN,
item,1835-04-27,Tursko 4,DSCN2141,EMIN,
item,1775-01-24,Tursko 7,DSCN0636,IʿLĀM,
item,1787-06-23,Tursko 4,DSCN2021,MÜRĀSELE,
item,2050-12-30,Tursko 4,DSCN2035,EMIN,
item,1786-08-29,Tursko 7,DSCN0622,ʿARZIHĀL,
item,1797-03-13,Tursko 2,DSCN8929,TEZKIRE,
item,1843-09-27,Tursko 1,DSCN1919,EMIN,
item,2050-12-30,Tursko 3,DSCN0391,FETVĀ,
item,1841-01-01,Tursko 1,DSCN1925,HÜCCET,
item,2050-12-30,Tursko 1,DSCN1716,FERMĀN,
item,2050-12-30,Tursko 3,DSCN9376,UNKNOWN,
item,1855-12-06,Tursko 3,DSCN0346,ʿILMÜHABER,
item,1779-05-26,Tursko 1,DSCN1058,BUYURULDU,
item,1773-03-22,Tursko 3,DSCN9362,EMIN,
item,1849-11-14,Tursko 3,DSCN0420,UNKNOWN,
item,1795-07-31,Tursko 4,DSCN2237,YAFTA,
item,1823-11-30,Tursko 4,DSCN2236,TEZKIRE,
item,1753-06-09,Tursko 3,DSCN0421,HÜCCET,
item,1821-03-05,Tursko 3,DSCN9377,EMIN,
item,2050-12-30,Tursko 4,DSCN2222,DEFTER,
item,1712-06-05,Tursko 3,DSCN0409,HÜCCET,
item,2050-12-30,Tursko 3,DSCN0384,ʿILMÜHABER,
item,1843-12-22,Tursko 1,DSCN1930,EMIN,
item,1777-03-14,Tursko 2,DSCN8914,FERMĀN,
item,1797-03-09,Tursko 2,DSCN8928,TEZKIRE,
item,2050-12-30,Tursko 3,DSCN9161,DEFTER,
item,1844-10-28,Tursko 3,DSCN0145,EMIN,
item,1848-03-26,Tursko 3,DSCN0151,EMIN,
item,1799-12-08,Tursko 4,DSCN2008,MÜRĀSELE,
item,1790-09-08,Tursko 3,DSCN0179,EMIN,
item,1833-05-18,Tursko 3,DSCN9149,EMIN,
item,1787-10-11,Tursko 3,DSCN0186,EMIN,
item,1826-08-03,Tursko 3,DSCN0192,EMIN,
item,1789-09-19,Tursko 3,DSCN9015,BUYURULDU,
item,1831-06-09,Tursko 4,DSCN2154,EMIN,
item,1872-04-30,Tursko 8,DSCN0743,ʿILMÜHABER,
item,1829-01-03,Tursko 3,DSCN9001,EMIN,
item,1819-11-16,Tursko 3,DSCN9029,MÜRĀSELE,
item,1855-10-08,Tursko 1,DSCN0970,ʿILMÜHABER,
item,1839-03-06,Tursko 1,DSCN0964,EMIN,
item,2050-12-30,Tursko 4,DSCN2424,UNKNOWN,
item,1831-06-09,Tursko 3,DSCN9217,EMIN,
item,2050-12-30,Tursko 1,DSCN1893,ʿILMÜHABER,
item,2050-12-30,Tursko 3,DSCN9203,SENED,
item,1838-04-11,Tursko 6,DSCN0541,UNKNOWN,
item,1831-05-16,Tursko 1,DSCN1887,ʿARZIHĀL,
item,1795-04-11,Tursko 4,DSCN2356,MÜRĀSELE,
item,1813-08-08,Tursko 4,DSCN2430,MÜRĀSELE,
item,1789-06-22,Tursko 4,DSCN2418,MÜRĀSELE,
item,1846-11-01,Tursko 6,DSCN0569,IʿLĀM,
item,1809-02-14,Tursko 1,DSCN1663,HÜCCET,
item,1819-05-27,Tursko 1,DSCN1688,EMIN,
item,2050-12-30,Tursko 4,DSCN2381,EMIN,
item,1825-08-11,Tursko 4,DSCN2395,MÜRĀSELE,
item,1760-08-16,Tursko 1,DSCN1844,ʿARZIHĀL|,
item,1807-12-12,Tursko 1,DSCN1837,HÜCCET,
item,1778-10-30,Tursko 4,DSCN2457,MÜRĀSELE,
item,2050-12-30,Tursko 4,DSCN2443,NOTE,
item,1801-01-09,Tursko 4,DSCN2325,MÜRĀSELE,
item,1866-05-14,Tursko 4,DSCN2319,EMIN,
item,2050-12-30,Tursko 3,DSCN0081,FETVĀ,
item,1835-04-27,Tursko 4,DSCN2133,EMIN,
item,1799-10-13,Tursko 3,DSCN9066,EMIN,
item,1801-07-11,Tursko 3,DSCN9072,EMIN,
item,1831-12-24,Tursko 4,DSCN2127,EMIN,
item,2050-12-30,Tursko 8,DSCN0718,UNKNOWN,
item,1773-10-09,Tursko 4,DSCN2090,MÜRĀSELE,
item,2050-12-30,Tursko 8,DSCN0687,UNKNOWN,
item,2050-12-30,Tursko 9,DSCN0863,FOLDERCOVER,
item,1849-11-14,Tursko 3,DSCN0136,EMIN,
item,1778-04-08,Tursko 4,DSCN2047,MÜRĀSELE,
item,2050-12-30,Tursko 7,DSCN0650,[Missing I] [Missing D] MEMO_CROATIAN|ʿILMÜHABER,
item,1828-03-14,Tursko 7,DSCN0644,MÜRĀSELE,
item,1708-08-27,Tursko 4,DSCN2053,EMIN,
item,1824-08-24,Tursko 3,DSCN0122,EMIN,
item,2050-12-30,Tursko 4,DSCN2286,MÜRĀSELE,
item,1848-01-24,Tursko 1,DSCN1957,[Missing I] BUYURULDU|SUMMARY|[Missing D] MAZBATA,
item,1760-08-11,Tursko 6,DSCN0491,HÜCCET,
item,1846-05-30,Tursko 1,DSCN1943,※UNKNOWNとりたい,
item,1825-10-20,Tursko 4,DSCN2292,HURŪF,
item,1811-01-24,Tursko 3,DSCN9310,EMIN,
item,1819-07-08,Tursko 4,DSCN1994,MÜRĀSELE,
item,1848-09-19,Tursko 3,DSCN0320,EMIN,
item,1780-01-06,Tursko 4,DSCN2251,MÜRĀSELE,
item,1739-04-08,Tursko 3,DSCN9304,EMIN,
item,2050-12-30,Tursko 4,DSCN1980,[Missing I] [Missing D] 計算書,
item,1773-07-04,Tursko 4,DSCN2279,MÜRĀSELE,
item,1849-11-14,Tursko 3,DSCN0308,EMIN,
item,1826-05-22,Tursko 1,DSCN1016,MÜRĀSELE,
item,1830-05-03,Tursko 1,DSCN1764,HÜCCET,
item,1848-11-25,Tursko 3,DSCN9338,EMIN,
item,1769-01-24,Tursko 3,DSCN8999,ʿARZIHĀL,
item,1821-11-18,Tursko 1,DSCN1003,TEZKIRE,
item,1822-11-25,Tursko 4,DSCN2278,MÜRĀSELE,
item,1801-05-25,Tursko 6,DSCN0447,IʿLĀM,
item,1848-09-28,Tursko 4,DSCN1981,TAHVĪL,
item,1795-02-12,Tursko 3,DSCN9305,MÜRĀSELE,
item,2050-12-30,Tursko 1,DSCN1759,DEFTER,
item,2050-12-30,Tursko 4,DSCN2250,DEFTER,
item,1839-12-28,Tursko 4,DSCN2244,MÜRĀSELE,
item,2050-12-30,Tursko 6,DSCN0453,SUMMARY,
item,1837-04-05,Tursko 3,DSCN0335,EMIN,
item,1760-02-21,Tursko 2,DSCN8966,FERMĀN,
item,1784-02-20,Tursko 6,DSCN0490,MÜRĀSELE,
item,2050-12-30,Tursko 4,DSCN2287,UNKNOWN,
item,1778-01-27,Tursko 3,DSCN8972,UNKNOWN,
item,2050-12-30,Tursko 3,DSCN9107,UNKNOWN,
item,1784-10-13,Tursko 4,DSCN2085,[Missing I] [Missing D] IZIN,
item,2050-12-30,Tursko 8,DSCN0719,UNKNOWN,
item,1819-10-18,Tursko 3,DSCN9073,EMIN,
item,2050-12-30,Tursko 3,DSCN0916,HÜCCET,
item,2050-12-30,Tursko 1,DSCN0902,[Missing I] [Missing D] SERBIAN,
item,1780-05-06,Tursko 3,DSCN9098,EMIN,
item,1743-05-22,Tursko 3,DSCN0094,TEMESSÜK,
item,1795-03-17,Tursko 3,DSCN0269,EMIN,
item,1790-09-08,Tursko 3,DSCN9259,EMIN,
item,1786-10-02,Tursko 4,DSCN2442,MÜRĀSELE,
item,1796-10-15,Tursko 3,DSCN0255,MÜRĀSELE,
item,1839-02-03,Tursko 3,DSCN9271,EMIN,
item,1781-12-08,Tursko 6,DSCN0533,IʿLĀM,
item,2050-12-30,Tursko 4,DSCN2330,MÜRĀSELE,
item,1830-06-20,Tursko 3,DSCN9265,EMIN,
item,1822-01-14,Tursko 3,DSCN0241,EMIN,
item,1786-10-25,Tursko 4,DSCN2456,YAFTA,
item,1855-02-12,Tursko 3,DSCN0296,SENED,
item,1877-03-03,Tursko 1,DSCN1836,[Missing I] [Missing D] ŞUKKA,
item,2050-12-30,Tursko 5,DSCN2495,SENED,
item,1840-05-14,Tursko 3,DSCN0282,EMIN,
item,1801-08-14,Tursko 1,DSCN1834,MÜRĀSELE,
item,2050-12-30,Tursko 5,DSCN2483,SENED,
item,1777-11-29,Tursko 3,DSCN0280,MÜRĀSELE,
item,2050-12-30,Tursko 5,DSCN2497,SENED,
item,1785-03-25,Tursko 1,DSCN1820,HÜCCET,
item,1785-06-06,Tursko 4,DSCN2326,MÜRĀSELE,
item,1825-08-13,Tursko 3,DSCN9273,EMIN,
item,1809-03-14,Tursko 3,DSCN0257,EMIN,
item,1774-02-13,Tursko 4,DSCN2440,TEZKIRE,
item,1786-05-22,Tursko 4,DSCN2454,MÜRĀSELE,
item,1784-05-07,Tursko 3,DSCN0243,MÜRĀSELE,
item,2050-12-30,Tursko 6,DSCN0525,SUMMARY,
item,1790-09-08,Tursko 3,DSCN9267,EMIN,
item,1766-06-07,Tursko 4,DSCN2332,EMIN,
item,1749-02-11,Tursko 4,DSCN2468,HURŪF,
item,1798-08-12,Tursko 3,DSCN0096,EMIN,
item,1767-10-10,Tursko 3,DSCN0082,TEZKIRE,
item,1825-08-13,Tursko 4,DSCN2118,EMIN,
item,1802-04-29,Tursko 3,DSCN9059,EMIN,
item,2050-12-30,Tursko 8,DSCN0684,UNKNOWN,
item,2050-12-30,Tursko 8,DSCN0848,UNKNOWN,
item,1829-05-12,Tursko 3,DSCN0121,EMIN,
item,1825-05-14,Tursko 3,DSCN9105,EMIN,
item,1842-10-23,Tursko 4,DSCN2044,TEZKIRE,
item,1791-08-28,Tursko 3,DSCN9111,EMIN,
item,1825-08-13,Tursko 4,DSCN2078,EMIN,
item,2050-12-30,Tursko 3,DSCN0109,UNKNOWN,
item,2050-12-30,Tursko 4,DSCN2291,UNKNOWN,
item,2050-12-30,Tursko 3,DSCN8970,FOLDERCOVER,
item,1853-10-02,Tursko 4,DSCN2285,TAHVĪL,
item,2050-12-30,Tursko 3,DSCN9307,[Missing I] SUMMARY|[Missing D] IZIN_BELGESI,
item,1821-12-31,Tursko 4,DSCN1983,MÜRĀSELE,
item,2050-12-30,Tursko 6,DSCN0445,[Missing I] [Missing D] SUMMRAY_CROATIAN|ʿARZIHĀL,
item,2050-12-30,Tursko 3,DSCN0323,ʿILMÜHABER,
item,1811-01-24,Tursko 3,DSCN9313,EMIN,
item,1832-07-13,Tursko 4,DSCN1997,EMIN,
item,2050-12-30,Tursko 6,DSCN0451,TEZKIRE,
item,2050-12-30,Tursko 4,DSCN2246,EMIN,
item,1847-09-09,Tursko 6,DSCN0479,HÜCCET,
item,1779-06-19,Tursko 1,DSCN1001,ʿARZIHĀL,
item,1830-05-03,Tursko 1,DSCN1014,HÜCCET,
item,1784-02-24,Tursko 1,DSCN1772,ʿARZIHĀL,
item,1842-12-27,Tursko 1,DSCN1766,HÜCCET,
item,1856-03-13,Tursko 3,DSCN0336,HÜCCET,
item,1816-06-26,Tursko 4,DSCN1996,EMIN,
item,2050-12-30,Tursko 3,DSCN9312,FETVĀ,
item,2050-12-30,Tursko 3,DSCN9306,SUMMARY,
item,1817-11-08,Tursko 4,DSCN2253,EMIN,
item,1767-06-28,Tursko 1,DSCN1969,MÜRĀSELE,
item,1719-11-11,Tursko 6,DSCN0493,HÜCCET,
item,1866-06-12,Tursko 1,DSCN1955,SENED,
item,1840-03-13,Tursko 4,DSCN2290,TEZKIRE,
item,1854-02-18,Tursko 1,DSCN1941,MÜRĀSELE,
item,1825-11-06,Tursko 3,DSCN9138,EMIN,
item,2050-12-30,Tursko 4,DSCN2045,TEZKIRE,
item,2050-12-30,Tursko 3,DSCN0120,FETVĀ,
item,1794-05-18,Tursko 4,DSCN2051,MÜRĀSELE,
item,1747-02-04,Tursko 7,DSCN0646,HÜCCET,
item,2050-12-30,Tursko 4,DSCN2086,[Missing I] HÜCCET|NOTE|[Missing D] FROM,
item,2050-12-30,Tursko 4,DSCN2092,UNKNOWN,
item,1729-07-19,Tursko 3,DSCN9064,EMIN,
item,1825-01-20,Tursko 4,DSCN2131,EMIN,
item,1790-09-08,Tursko 4,DSCN2125,EMIN,
item,1808-07-28,Tursko 3,DSCN9070,EMIN,
item,1861-06-13,Tursko 3,DSCN0915,BUYURULDU,
item,2050-12-30,Tursko 4,DSCN2469,MÜRĀSELE,
item,2050-12-30,Tursko 6,DSCN0518,SUMMARY,
item,1789-09-06,Tursko 6,DSCN0530,IʿLĀM,
item,2050-12-30,Tursko 4,DSCN2327,UNKNOWN,
item,1856-12-06,Tursko 3,DSCN9299,UNKNOWN,
item,1864-05-08,Tursko 1,DSCN1809,SENED,
item,1772-04-03,Tursko 5,DSCN2482,TEMESSÜK,
item,1843-11-29,Tursko 3,DSCN9289,EMIN,
item,1813-01-02,Tursko 3,DSCN0291,EMIN,
item,1772-04-02,Tursko 4,DSCN2445,EMIN,
item,1791-09-05,Tursko 4,DSCN2323,UNKNOWN,
item,1791-06-24,Tursko 4,DSCN2451,MÜRĀSELE,
item,1774-03-26,Tursko 3,DSCN0246,EMIN,
item,1831-02-07,Tursko 3,DSCN0905,HÜCCET,
item,1773-12-05,Tursko 3,DSCN9048,[Missing I] UNKNOWN|[Missing D] UNOKOWN,
item,2050-12-30,Tursko 8,DSCN0736,UNKNOWN,
item,2050-12-30,Tursko 9,DSCN0865,UNKNOWN,
item,2050-12-30,Tursko 4,DSCN2096,UNKNOWN,
item,2050-12-30,Tursko 3,DSCN9128,EMIN,
item,1795-08-05,Tursko 7,DSCN0642,MÜRĀSELE,
item,2050-12-30,Tursko 4,DSCN2055,TEZKIRE,
item,1832-08-14,Tursko 3,DSCN0124,TEMESSÜK,
item,1823-05-10,Tursko 3,DSCN9114,EMIN,
item,1783-10-11,Tursko 2,DSCN8961,FERMĀN,
item,2050-12-30,Tursko 6,DSCN0483,SUMMARY,
item,1822-11-29,Tursko 4,DSCN2294,TEZKIRE,
item,1864-10-09,Tursko 1,DSCN1951,ʿILMÜHABER,
item,1864-09-06,Tursko 1,DSCN1789,[Missing I] SENED|SUMMARY|UNKNOWN|[Missing D] TUĞURA,
item,1762-08-03,Tursko 1,DSCN1762,ʿARZIHĀL,
item,1825-08-27,Tursko 1,DSCN1776,IʿLĀM,
item,2050-12-30,Tursko 4,DSCN2257,MÜRĀSELE,
item,1779-02-20,Tursko 6,DSCN0440,EMIN,
item,1799-01-21,Tursko 4,DSCN1992,MÜRĀSELE,
item,1773-03-22,Tursko 4,DSCN2242,EMIN,
item,1810-12-11,Tursko 4,DSCN1993,MÜRĀSELE,
item,2050-12-30,Tursko 6,DSCN0455,SUMMARY,
item,1567-09-04,Tursko 3,DSCN9317,HÜCCET,
item,2050-12-30,Tursko 4,DSCN1987,TAHVĪL,
item,1865-03-04,Tursko 3,DSCN9303,UNKNOWN,
item,2050-12-30,Tursko 4,DSCN2256,UNKNOWN,
item,1816-04-22,Tursko 1,DSCN1011,BUYURULDU,
item,1823-09-05,Tursko 1,DSCN1005,UNKNOWN,
item,1754-11-16,Tursko 4,DSCN2281,NĀME,
item,1791-10-28,Tursko 3,DSCN8974,EMIN,
item,2050-12-30,Tursko 4,DSCN2295,UNKNOWN,
item,1846-05-30,Tursko 1,DSCN1944,UNKNOWN,
item,1786-08-06,Tursko 2,DSCN8948,FERMĀN,
item,1805-07-02,Tursko 4,DSCN1978,UNKNOWN,
item,1819-07-25,Tursko 3,DSCN0131,EMIN,
item,2050-12-30,Tursko 4,DSCN2040,EMIN,
item,1760-08-11,Tursko 3,DSCN9101,EMIN,
item,1820-04-27,Tursko 3,DSCN0125,[Missing I] BUYURULDU|SUMMARY|[Missing D] TRANSLATION_CROATIAN,
item,1800-05-23,Tursko 4,DSCN2068,UNKNOWN,
item,2050-12-30,Tursko 3,DSCN0119,TEZKIRE,
item,1787-10-11,Tursko 4,DSCN2083,TEZKIRE,
item,2050-12-30,Tursko 9,DSCN0864,UNKNOWN,
item,1815-02-10,Tursko 3,DSCN9061,EMIN,
item,1830-06-20,Tursko 4,DSCN2120,EMIN,
item,2050-12-30,Tursko 8,DSCN0737,UNKNOWN,
item,1817-10-21,Tursko 3,DSCN9075,EMIN,
item,2050-12-30,Tursko 3,DSCN0079,NOTE,
item,1776-06-16,Tursko 4,DSCN2108,EMIN,
item,1880-12-01,Tursko 3,DSCN0086,EMIN,
item,2050-12-30,Tursko 3,DSCN0092,[Missing I] SUMMARY|UNKNOWN|[Missing D] ŞUKKA,
item,1783-11-26,Tursko 4,DSCN2336,MÜRĀSELE,
item,1821-09-20,Tursko 3,DSCN9263,EMIN,
item,2050-12-30,Tursko 6,DSCN0521,HÜCCET,
item,2050-12-30,Tursko 3,DSCN0247,TEZKIRE,
item,1786-09-15,Tursko 4,DSCN2450,MÜRĀSELE,
item,1815-12-01,Tursko 3,DSCN0253,EMIN,
item,2050-12-30,Tursko 3,DSCN9277,EMIN,
item,1801-05-12,Tursko 4,DSCN2322,MÜRĀSELE,
item,2050-12-30,Tursko 5,DSCN2478,FOLDERCOVER,
item,1807-11-05,Tursko 6,DSCN0509,HÜCCET,
item,1854-09-21,Tursko 1,DSCN1824,ʿILMÜHABER,
item,2050-12-30,Tursko 5,DSCN2493,SENED,
item,1800-08-19,Tursko 3,DSCN0284,EMIN,
item,2050-12-30,Tursko 5,DSCN2487,SENED,
item,1774-10-30,Tursko 1,DSCN1830,HÜCCET,
item,1784-02-20,Tursko 1,DSCN1818,MÜRĀSELE,
item,1818-10-29,Tursko 3,DSCN0286,EMIN,
item,2050-12-30,Tursko 5,DSCN2491,SENED,
item,2050-12-30,Tursko 5,DSCN2485,SENED,
item,1791-08-28,Tursko 3,DSCN0279,EMIN,
item,1826-10-28,Tursko 4,DSCN2308,UNKNOWN,
item,1825-08-13,Tursko 3,DSCN9249,EMIN,
item,1787-05-23,Tursko 4,DSCN2452,MÜRĀSELE,
item,2050-12-30,Tursko 3,DSCN0245,TEZKIRE,
item,1825-02-04,Tursko 3,DSCN9261,EMIN,
item,1782-09-08,Tursko 6,DSCN0537,IʿLĀM,
item,1858-07-19,Tursko 3,DSCN9275,EMIN,
item,2050-12-30,Tursko 3,DSCN0251,EMIN,
item,2050-12-30,Tursko 3,DSCN0084,[Missing I] UNKNOWN|[Missing D] MEKTŪB,
item,2050-12-30,Tursko 3,DSCN0090,EMIN,
item,2050-12-30,Tursko 8,DSCN0709,UNKNOWN,
item,2050-12-30,Tursko 8,DSCN0721,UNKNOWN,
item,1785-11-01,Tursko 3,DSCN9077,EMIN,
item,1830-06-20,Tursko 4,DSCN2122,EMIN,
item,1868-04-21,Tursko 4,DSCN2081,[Missing I] EMIN|[Missing D] MEMO_CROATINA,
item,2050-12-30,Tursko 8,DSCN0682,FOLDERCOVER,
item,1839-03-04,Tursko 7,DSCN0669,[Missing I] [Missing D] TAKVĪM-IVEKĀYIʿ,
item,1803-08-06,Tursko 4,DSCN2042,MÜRĀSELE,
item,1834-08-03,Tursko 3,DSCN0133,UNKNOWN,
item,1765-07-11,Tursko 3,DSCN0899,IʿLĀM,
item,1827-07-18,Tursko 3,DSCN8976,EMIN,
item,2050-12-30,Tursko 4,DSCN2283,TEMESSÜK,
item,2050-12-30,Tursko 6,DSCN0494,ʿARZIHĀL,
item,1810-02-03,Tursko 3,DSCN8989,EMIN,
item,1833-05-18,Tursko 3,DSCN9329,EMIN,
item,1837-09-21,Tursko 1,DSCN1775,IʿLĀM,
item,2050-12-30,Tursko 4,DSCN2268,UNKNOWN,
item,1798-05-13,Tursko 1,DSCN1007,IʿLĀM,
item,2050-12-30,Tursko 3,DSCN9315,NĀME,
item,1873-02-26,Tursko 1,DSCN1749,SENED,
item,1771-04-14,Tursko 3,DSCN9301,UNKNOWN,
item,1794-04-24,Tursko 4,DSCN1985,MÜRĀSELE,
item,1797-02-12,Tursko 6,DSCN0442,IʿLĀM,
item,2050-12-30,Tursko 4,DSCN2255,DEFTER,
item,1734-06-01,Tursko 4,DSCN2241,MÜRĀSELE,
item,1818-11-15,Tursko 4,DSCN1990,MÜRĀSELE,
item,2050-12-30,Tursko 6,DSCN0456,HÜCCET,
item,1843-04-07,Tursko 3,DSCN0318,EMIN,
item,1825-03-29,Tursko 1,DSCN1012,UNKNOWN,
item,1837-11-11,Tursko 1,DSCN1774,[Missing I] [Missing D] ŞUKKA,
item,1793-09-05,Tursko 4,DSCN2296,MÜRĀSELE,
item,2050-12-30,Tursko 6,DSCN0481,EMIN,
item,1866-06-12,Tursko 1,DSCN1953,SENED,
item,1736-10-08,Tursko 4,DSCN2057,UNKNOWN,
item,1822-04-26,Tursko 3,DSCN9102,EMIN,
item,1839-09-21,Tursko 7,DSCN0640,TEZKIRE,
item,1848-03-22,Tursko 3,DSCN9116,EMIN,
item,2050-12-30,Tursko 7,DSCN0654,[Missing I] [Missing D] MEMO_CROATIAN|ʿILMÜHABER,
item,1782-10-19,Tursko 4,DSCN2094,MÜRĀSELE,
item,2050-12-30,Tursko 4,DSCN2080,MÜRĀSELE,
item,2050-12-30,Tursko 8,DSCN0697,UNKNOWN,
item,1816-01-15,Tursko 3,DSCN9062,EMIN,
item,1825-08-13,Tursko 4,DSCN2137,EMIN,
item,1848-02-26,Tursko 4,DSCN0913,[Missing I] [Missing D] KĀ'IME,
item,1726-01-03,Tursko 3,DSCN9089,HÜCCET,
item,1744-02-04,Tursko 3,DSCN0907,HÜCCET,
item,2050-12-30,Tursko 4,DSCN2335,UNKNOWN,
item,1801-06-10,Tursko 4,DSCN2309,HÜCCET,
item,1784-05-04,Tursko 3,DSCN0293,HÜCCET,
item,2050-12-30,Tursko 1,DSCN1827,IʿLĀM,
item,1874-01-04,Tursko 1,DSCN1802,[Missing I] [Missing D] ŞÜKKA,
item,1864-05-26,Tursko 1,DSCN1816,SENED,
item,2050-12-30,Tursko 5,DSCN2489,SENED,
item,2050-12-30,Tursko 6,DSCN0507,ʿARZIHĀL,
item,1790-09-08,Tursko 3,DSCN9245,EMIN,
item,1842-01-23,Tursko 3,DSCN0261,EMIN,
item,1767-11-15,Tursko 4,DSCN2476,TEZKIRE,
item,2050-12-30,Tursko 4,DSCN2462,TEZKIRE,
item,1839-12-12,Tursko 3,DSCN0275,EMIN,
item,1791-07-29,Tursko 6,DSCN0513,HÜCCET,
item,1808-02-26,Tursko 3,DSCN9251,EMIN,
item,1787-03-02,Tursko 4,DSCN2304,MÜRĀSELE,
item,1820-10-06,Tursko 3,DSCN9279,EMIN,
item,2050-12-30,Tursko 3,DSCN0249,EMIN,
item,1834-05-08,Tursko 4,DSCN2338,EMIN,
item,2050-12-30,Tursko 3,DSCN9084,ʿARZIHĀL,
item,1839-12-12,Tursko 3,DSCN9090,EMIN,
item,1776-02-19,Tursko 3,DSCN0088,EMIN,
item,1815-07-18,Tursko 3,DSCN9047,EMIN,
item,1775-11-10,Tursko 4,DSCN2106,UNKNOWN,
item,2050-12-30,Tursko 3,DSCN0077,EMIN,
item,1853-05-29,Tursko 8,DSCN0842,FERMĀN,
item,1830-11-26,Tursko 3,DSCN0117,EMIN,
item,2050-12-30,Tursko 4,DSCN2066,TEZKIRE,
item,1767-06-18,Tursko 7,DSCN0665,DEFTER,
item,1801-11-01,Tursko 7,DSCN0895,HÜCCET,
item,1790-09-08,Tursko 4,DSCN1976,EMIN,
item,1767-08-06,Tursko 2,DSCN8946,FERMĀN,
item,1784-01-06,Tursko 6,DSCN0498,MÜRĀSELE,
item,1866-09-16,Tursko 1,DSCN1786,[Missing I] SENED|SUMMARY|[Missing D] MEMO|[Missing D] TUĞURA,
item,1796-07-11,Tursko 4,DSCN2264,MEMHŪR,
item,1845-01-08,Tursko 3,DSCN9331,EMIN,
item,1798-06-13,Tursko 3,DSCN8991,EMIN,
item,1837-04-05,Tursko 3,DSCN9325,EMIN,
item,2050-12-30,Tursko 4,DSCN2270,MÜRĀSELE,
item,1855-12-01,Tursko 3,DSCN0329,HÜCCET,
item,1815-12-01,Tursko 3,DSCN9319,EMIN,
item,1793-11-03,Tursko 4,DSCN2259,TEZKIRE,
item,1831-06-09,Tursko 4,DSCN1988,NĀME,
item,1866-09-16,Tursko 1,DSCN1750,SENED,
item,1791-01-12,Tursko 3,DSCN8984,EMIN,
item,1819-05-27,Tursko 3,DSCN0300,EMIN,
item,2050-12-30,Tursko 4,DSCN2271,TEZKIRE,
item,2050-12-30,Tursko 6,DSCN0466,HATT-I_HÜMĀYŪN,
item,1838-10-21,Tursko 4,DSCN2265,TEZKIRE,
item,1847-09-30,Tursko 3,DSCN0314,EMIN,
item,1769-03-25,Tursko 6,DSCN0499,HÜCCET,
item,1852-02-11,Tursko 1,DSCN1793,TEZKIRE,
item,1767-06-28,Tursko 1,DSCN1963,HÜCCET,
item,1760-03-02,Tursko 2,DSCN8953,FERMĀN,
item,2050-12-30,Tursko 7,DSCN0658,TEZKIRE,
item,1758-08-22,Tursko 3,DSCN0102,TEZKIRE,
item,1828-07-11,Tursko 3,DSCN9132,EMIN,
item,2050-12-30,Tursko 4,DSCN2098,UNKNOWN,
item,1825-08-31,Tursko 3,DSCN9052,MÜRĀSELE,
item,2050-12-30,Tursko 3,DSCN0076,FOLDERCOVER,
item,1820-10-06,Tursko 4,DSCN2113,EMIN,
item,2050-12-30,Tursko 8,DSCN0704,UNKNOWN,
item,1810-04-05,Tursko 3,DSCN9046,EMIN,
item,1828-03-19,Tursko 6,DSCN0512,TEZKIRE,
item,1785-12-26,Tursko 4,DSCN2311,MÜRĀSELE,
item,1814-06-26,Tursko 3,DSCN0260,UNKNOWN,
item,1844-05-13,Tursko 3,DSCN9293,EMIN,
item,1825-01-06,Tursko 3,DSCN9287,EMIN,
item,1845-01-04,Tursko 3,DSCN9291,EMIN,
item,1829-07-01,Tursko 3,DSCN9285,EMIN,
item,1835-04-27,Tursko 3,DSCN0289,EMIN,
item,1796-11-20,Tursko 4,DSCN2461,MÜRĀSELE,
item,1823-09-08,Tursko 4,DSCN2313,EMIN,
item,2050-12-30,Tursko 6,DSCN0504,SUMMARY,
item,1795-09-14,Tursko 3,DSCN9093,EMIN,
item,1877-12-26,Tursko 3,DSCN0909,KASSĀM,
item,1786-11-03,Tursko 1,DSCN0921,UNKNOWN,
item,1816-03-19,Tursko 4,DSCN2105,UNKNOWN,
item,1774-03-13,Tursko 3,DSCN9050,EMIN,
item,2050-12-30,Tursko 4,DSCN2111,DEFTER,
item,1772-04-02,Tursko 4,DSCN2139,EMIN,
item,1829-07-01,Tursko 3,DSCN0100,EMIN,
item,1828-08-19,Tursko 4,DSCN2071,EMIN,
item,1823-09-05,Tursko 3,DSCN9124,EMIN,
item,1828-07-11,Tursko 3,DSCN9130,EMIN,
item,2050-12-30,Tursko 4,DSCN2065,UNKNOWN,
item,2050-12-30,Tursko 3,DSCN9118,EMIN,
item,2050-12-30,Tursko 4,DSCN2059,UNKNOWN,
item,1787-12-30,Tursko 1,DSCN0896,EMIN,
item,2050-12-30,Tursko 1,DSCN1961,FETVĀ,
item,1819-09-30,Tursko 3,DSCN8979,EMIN,
item,1829-07-01,Tursko 4,DSCN2298,EMIN,
item,1866-06-12,Tursko 1,DSCN1949,SENED,
item,2050-12-30,Tursko 4,DSCN2273,YAFTA,
item,1834-12-24,Tursko 3,DSCN0302,EMIN,
item,1847-12-07,Tursko 3,DSCN0316,EMIN,
item,2050-12-30,Tursko 5,DSCN2501,SENED,
item,1839-05-01,Tursko 4,DSCN2267,TEZKIRE,
item,1803-04-26,Tursko 1,DSCN1746,IʿLĀM,
item,1829-01-14,Tursko 1,DSCN1752,HÜCCET,
item,1774-12-21,Tursko 1,DSCN1021,MÜRĀSELE,
item,1816-01-29,Tursko 1,DSCN1009,DEFTER,
item,1781-12-15,Tursko 3,DSCN8993,EMIN,
item,1835-04-27,Tursko 3,DSCN9333,EMIN,
item,2050-12-30,Tursko 4,DSCN2266,ʿILMÜHABER,
item,1785-01-08,Tursko 6,DSCN0465,ʿARZIHĀL,
item,1832-05-29,Tursko 3,DSCN9327,EMIN,
item,1778-04-20,Tursko 3,DSCN8987,EMIN,
item,1866-06-12,Tursko 1,DSCN1948,SENED,
item,1780-08-02,Tursko 3,DSCN8978,EMIN,
item,1843-10-18,Tursko 1,DSCN1960,TEZKIRE,
item,1615-03-15,Tursko 2,DSCN8944,FERMĀN,
item,1855-02-12,Tursko 3,DSCN0129,SENED,
item,1934-11-09,Tursko 7,DSCN0673,GAZETE,
item,1830-06-20,Tursko 3,DSCN0115,TEMESSÜK,
item,1824-06-22,Tursko 3,DSCN9125,EMIN,
item,1785-11-01,Tursko 4,DSCN2070,MÜRĀSELE,
item,1794-07-27,Tursko 3,DSCN9079,EMIN,
item,1790-09-23,Tursko 3,DSCN9045,EMIN,
item,1816-08-12,Tursko 3,DSCN9086,EMIN,
item,1818-05-30,Tursko 4,DSCN2448,EMIN,
item,1846-12-29,Tursko 6,DSCN0539,IʿLĀM,
item,1822-09-23,Tursko 4,DSCN2474,MÜRĀSELE,
item,1832-01-24,Tursko 3,DSCN0263,EMIN,
item,1838-03-25,Tursko 3,DSCN9247,EMIN,
item,1776-02-17,Tursko 4,DSCN2306,MÜRĀSELE,
item,1820-10-06,Tursko 3,DSCN9253,EMIN,
item,1748-09-21,Tursko 6,DSCN0511,HÜCCET,
item,1821-04-02,Tursko 3,DSCN0277,EMIN,
item,1777-06-22,Tursko 1,DSCN1800,HÜCCET,
item,1713-05-25,Tursko 1,DSCN1814,HÜCCET,
item,1864-05-26,Tursko 1,DSCN1810,SENED,
item,2050-12-30,Tursko 1,DSCN1804,ʿARZIHĀL,
item,1824-01-08,Tursko 4,DSCN2458,MÜRĀSELE,
item,1785-12-27,Tursko 4,DSCN2464,TEZKIRE,
item,1837-05-02,Tursko 3,DSCN0273,EMIN,
item,1780-12-25,Tursko 6,DSCN0515,TAPU,
item,1832-05-20,Tursko 3,DSCN9257,EMIN,
item,2050-12-30,Tursko 4,DSCN2302,UNKNOWN,
item,1770-12-30,Tursko 6,DSCN0501,IʿLĀM,
item,1772-04-02,Tursko 3,DSCN9243,EMIN,
item,1834-01-08,Tursko 3,DSCN0267,MÜRĀSELE,
item,1837-12-25,Tursko 1,DSCN0930,[Missing I] [Missing D] TAKVĪM-I_VEKĀYI,
item,1795-10-31,Tursko 1,DSCN0924,IʿLĀM,
item,1826-05-02,Tursko 3,DSCN9082,EMIN,
item,1841-05-15,Tursko 3,DSCN0918,DEFTER,
item,1780-08-17,Tursko 4,DSCN2100,MÜRĀSELE,
item,1817-11-08,Tursko 3,DSCN9055,EMIN,
item,1810-02-19,Tursko 3,DSCN9041,EMIN,
item,2050-12-30,Tursko 8,DSCN0703,UNKNOWN,
item,2050-12-30,Tursko 8,DSCN0850,UNKNOWN,
item,1798-06-13,Tursko 3,DSCN9109,EMIN,
item,2050-12-30,Tursko 4,DSCN2074,TEZKIRE,
item,1867-06-05,Tursko 7,DSCN0663,UNKNOWN,
item,1770-04-16,Tursko 3,DSCN0105,TEMESSÜK,
item,1820-04-19,Tursko 3,DSCN0111,EMIN,
item,1857-03-20,Tursko 1,DSCN1780,[Missing I] SUMMARY|[Missing D] KÂĞIT,
item,2050-12-30,Tursko 4,DSCN2289,UNKNOWN,
item,1853-03-31,Tursko 2,DSCN8940,FERMĀN,
item,1788-01-09,Tursko 1,DSCN1743,IʿLĀM,
item,1784-02-20,Tursko 1,DSCN1757,MÜRĀSELE,
item,1792-06-03,Tursko 6,DSCN0449,IʿLĀM,
item,1837-04-05,Tursko 3,DSCN9323,EMIN,
item,1839-06-04,Tursko 4,DSCN2276,DEFTER,
item,2050-12-30,Tursko 4,DSCN2262,UNKNOWN,
item,1872-02-19,Tursko 3,DSCN9337,UNKNOWN,
item,1788-06-06,Tursko 3,DSCN8997,UNKNOWN,
item,2050-12-30,Tursko 6,DSCN0474,SUMMARY,
item,1849-11-14,Tursko 3,DSCN0312,EMIN,
item,1858-08-09,Tursko 1,DSCN1018,[Missing I] [Missing D] SUMMARY_OTTOMAN|[Missing D] UNKONOWN_CROATIAN,
item,1828-03-13,Tursko 3,DSCN8982,EMIN,
item,1858-02-22,Tursko 3,DSCN0306,MÜRĀSELE,
item,1785-12-06,Tursko 4,DSCN2277,[Missing I] [Missing D] VARAKA,
item,1704-07-23,Tursko 1,DSCN1756,HÜCCET,
item,1857-07-23,Tursko 1,DSCN1965,NĀME,
item,2050-12-30,Tursko 4,DSCN2288,UNKNOWN,
item,1804-04-03,Tursko 1,DSCN1959,IʿLĀM,
item,1820-10-06,Tursko 4,DSCN2061,EMIN,
item,1708-04-01,Tursko 3,DSCN9134,HURŪF,
item,1778-01-27,Tursko 3,DSCN9120,EMIN,
item,1858-06-21,Tursko 7,DSCN0662,TEZKIRE,
item,1773-03-22,Tursko 3,DSCN0104,EMIN,
item,1777-03-08,Tursko 4,DSCN2049,UNKNOWN,
item,1774-07-25,Tursko 1,DSCN0886,HÜCCET,
item,1850-11-04,Tursko 3,DSCN0138,EMIN,
item,2050-12-30,Tursko 4,DSCN2115,EMIN,
item,1822-08-24,Tursko 3,DSCN9054,TEZKIRE,
item,1790-09-08,Tursko 4,DSCN2129,EMIN,
item,1796-07-04,Tursko 3,DSCN9068,EMIN,
item,1785-02-17,Tursko 1,DSCN0919,EMIN,
item,1802-05-27,Tursko 4,DSCN2317,MÜRĀSELE,
item,2050-12-30,Tursko 4,DSCN2471,MÜRĀSELE,
item,2050-12-30,Tursko 4,DSCN2303,FOLDERCOVER,
item,1779-12-20,Tursko 4,DSCN2459,MÜRĀSELE,
item,1790-01-07,Tursko 6,DSCN0528,IʿLĀM,
item,1820-10-06,Tursko 3,DSCN9281,EMIN,
item,1839-10-13,Tursko 1,DSCN1811,HÜCCET,
item,1847-12-07,Tursko 3,DSCN9295,EMIN,
item,1775-09-26,Tursko 1,DSCN1839,HÜCCET,
item,1820-10-06,Tursko 3,DSCN9283,EMIN,
item,1775-05-29,Tursko 1,DSCN1807,EMIN,
item,1849-11-14,Tursko 3,DSCN9297,EMIN,
item,1775-05-29,Tursko 1,DSCN1813,HÜCCET,
item,1791-04-02,Tursko 4,DSCN2329,UNKNOWN,
item,1796-04-28,Tursko 3,DSCN0264,MÜRĀSELE,
item,2050-12-30,Tursko 4,DSCN2315,TEZKIRE,
item,1772-04-02,Tursko 6,DSCN0516,EMIN,
item,2050-12-30,Tursko 1,DSCN0927,ʿARZIHĀL,
item,1787-01-18,Tursko 3,DSCN9081,MÜRĀSELE,
item,1774-05-05,Tursko 3,DSCN9095,EMIN,
item,1821-09-26,Tursko 4,DSCN2103,EMIN,
item,1732-06-22,Tursko 3,DSCN9056,EMIN,
item,2050-12-30,Tursko 8,DSCN0853,UNKNOWN,
item,1784-02-24,Tursko 4,DSCN2088,MÜRĀSELE,
item,2050-12-30,Tursko 8,DSCN0847,UNKNOWN,
item,2050-12-30,Tursko 7,DSCN0648,UNKNOWN,
item,1780-04-01,Tursko 3,DSCN9136,MÜRĀSELE,
item,2050-12-30,Tursko 4,DSCN2063,EMIN,
item,1826-08-03,Tursko 3,DSCN9122,EMIN,
item,1850-11-04,Tursko 6,DSCN0489,NĀME,
item,2050-12-30,Tursko 1,DSCN1797,UNKNOWN,
item,1783-10-11,Tursko 2,DSCN8957,FERMĀN,
item,2050-12-30,Tursko 4,DSCN1973,FOLDERCOVER,
item,1767-11-19,Tursko 1,DSCN1967,HÜCCET,
item,1757-09-24,Tursko 3,DSCN9308,EMIN,
item,1790-10-24,Tursko 4,DSCN1998,MÜRĀSELE,
item,1847-09-12,Tursko 3,DSCN0310,EMIN,
item,2050-12-30,Tursko 4,DSCN2261,UNKNOWN,
item,1784-02-29,Tursko 1,DSCN1768,IʿLĀM,
item,2050-12-30,Tursko 6,DSCN0476,SUMMARY,
item,2050-12-30,Tursko 3,DSCN0304,EMIN,
item,1770-06-10,Tursko 3,DSCN8980,EMIN,
item,1838-04-03,Tursko 4,DSCN2274,TEZKIRE,
item,2050-12-30,Tursko 3,DSCN9321,FETVĀ,
item,1806-01-05,Tursko 3,DSCN8995,EMIN,
item,1794-01-29,Tursko 6,DSCN0477,HÜCCET,
item,1837-04-05,Tursko 3,DSCN9335,EMIN,
item,1816-06-26,Tursko 4,DSCN1999,EMIN,
item,1769-04-05,Tursko 1,DSCN1741,HÜCCET,
item,1841-08-24,Tursko 4,DSCN2248,TEZKIRE,
item,1666-06-23,Tursko 1,DSCN1755,HÜCCET,
item,1856-03-13,Tursko 1,DSCN1782,HÜCCET,
item,2050-12-30,Tursko 6,DSCN0488,SUMMARY,
item,1784-11-12,Tursko 3,DSCN0107,EMIN,
item,2050-12-30,Tursko 7,DSCN0661,SENED,
item,2050-12-30,Tursko 4,DSCN2076,DEFTER,
item,1830-07-29,Tursko 3,DSCN0113,TEZKIRE,
item,2050-12-30,Tursko 1,DSCN0891,IʿLĀM,
item,2050-12-30,Tursko 8,DSCN0715,UNKNOWN,
item,2050-12-30,Tursko 3,DSCN9057,UNKNOWN,
item,1787-03-02,Tursko 4,DSCN2102,MÜRĀSELE,
item,2050-12-30,Tursko 8,DSCN0701,UNKNOWN,
item,1831-01-28,Tursko 3,DSCN9043,EMIN,
item,1787-07-22,Tursko 3,DSCN0098,MÜRĀSELE,
item,1774-03-12,Tursko 4,DSCN2300,UNKNOWN,
item,1850-09-16,Tursko 3,DSCN9255,EMIN,
item,2050-12-30,Tursko 3,DSCN0271,[Missing I] [Missing D] MEKTŪB,
item,2050-12-30,Tursko 4,DSCN2466,TEZKIRE,
item,1845-08-04,Tursko 4,DSCN2472,MÜRĀSELE,
item,1782-12-04,Tursko 3,DSCN0265,[Missing I] EMIN|[Missing D] SUMMRY_CROATIAN,
item,1825-08-13,Tursko 3,DSCN9241,EMIN,
item,1830-06-20,Tursko 3,DSCN9269,EMIN,
item,2050-12-30,Tursko 3,DSCN0259,MÜRĀSELE,
item,2050-12-30,Tursko 5,DSCN2499,SENED,
item,1766-03-16,Tursko 1,DSCN1875,HÜCCET,
item,1835-08-01,Tursko 1,DSCN1849,HÜCCET,
item,1765-12-02,Tursko 4,DSCN2415,MÜRĀSELE,
item,1795-07-16,Tursko 4,DSCN2373,MÜRĀSELE,
item,1764-07-24,Tursko 4,DSCN2367,MÜRĀSELE,
item,1815-12-01,Tursko 3,DSCN0216,EMIN,
item,2050-12-30,Tursko 4,DSCN2401,TEZKIRE,
item,1777-10-18,Tursko 4,DSCN2429,HURŪF,
item,1784-02-20,Tursko 6,DSCN0558,MÜRĀSELE,
item,1786-11-06,Tursko 1,DSCN1646,EMIN,
item,1854-10-01,Tursko 1,DSCN0955,HÜCCET,
item,2050-12-30,Tursko 8,DSCN0766,FOLDERCOVER,
item,1820-01-18,Tursko 3,DSCN9030,EMIN,
item,1805-03-30,Tursko 3,DSCN9018,EMIN,
item,2050-12-30,Tursko 1,DSCN0996,ʿARZIHĀL,
item,2050-12-30,Tursko 3,DSCN9193,FETVĀ,
item,2050-12-30,Tursko 7,DSCN0612,UNKNOWN,
item,1857-06-06,Tursko 3,DSCN0160,NĀME,
item,1719-04-17,Tursko 2,DSCN8931,[Missing I] TUĞRA|[Missing D] BERĀT,
item,2050-12-30,Tursko 1,DSCN1915,EMIN,
item,1777-05-22,Tursko 2,DSCN8919,BUYURULDU,
item,1774-03-12,Tursko 3,DSCN9352,TEZKIRE,
item,1784-05-07,Tursko 3,DSCN0410,HÜCCET,
item,2050-12-30,Tursko 4,DSCN2213,UNKNOWN,
item,2050-12-30,Tursko 3,DSCN9346,EMIN,
item,2050-12-30,Tursko 3,DSCN0404,SUMMARY,
item,1857-06-06,Tursko 3,DSCN0362,NĀME,
item,1820-09-04,Tursko 6,DSCN0438,ŞIKKA,
item,1839-05-05,Tursko 3,DSCN0405,TAHVĪL,
item,1891-08-04,Tursko 3,DSCN9347,UNKNOWN,
item,2050-12-30,Tursko 4,DSCN2212,UNKNOWN,
item,1854-06-06,Tursko 3,DSCN0377,HÜCCET,
item,1804-04-09,Tursko 3,DSCN9353,EMIN,
item,1775-06-10,Tursko 1,DSCN1900,HÜCCET,
item,1788-05-28,Tursko 2,DSCN8924,TEZKIRE,
item,2050-12-30,Tursko 1,DSCN1914,FETVĀ,
item,1736-05-10,Tursko 4,DSCN2038,EMIN,
item,1849-12-30,Tursko 3,DSCN0149,EMIN,
item,1793-11-13,Tursko 4,DSCN2010,MÜRĀSELE,
item,1792-08-17,Tursko 3,DSCN9145,EMIN,
item,2050-12-30,Tursko 7,DSCN0613,UNKNOWN,
item,1767-05-27,Tursko 4,DSCN2004,EMIN,
item,1838-03-25,Tursko 3,DSCN0175,EMIN,
item,1864-07-27,Tursko 8,DSCN0820,TEZKIRE,
item,2050-12-30,Tursko 3,DSCN9192,TEZKIRE,
item,1825-08-13,Tursko 4,DSCN2158,EMIN,
item,1833-05-18,Tursko 4,DSCN2164,EMIN,
item,1801-06-08,Tursko 3,DSCN9031,TEZKIRE,
item,1774-06-13,Tursko 3,DSCN9025,MÜRĀSELE,
item,1836-04-15,Tursko 4,DSCN2170,EMIN,
item,1855-12-31,Tursko 1,DSCN0968,HÜCCET,
item,2050-12-30,Tursko 1,DSCN1653,ʿARZIHĀL,
item,1835-04-27,Tursko 3,DSCN9233,EMIN,
item,1799-06-02,Tursko 3,DSCN0203,EMIN,
item,1827-06-15,Tursko 4,DSCN2414,MÜRĀSELE,
item,1826-08-03,Tursko 3,DSCN9227,EMIN,
item,1854-12-23,Tursko 6,DSCN0565,IʿLĀM,
item,2050-12-30,Tursko 1,DSCN1848,ʿARZIHĀL,
item,2050-12-30,Tursko 4,DSCN2399,TEZKIRE,
item,1794-10-18,Tursko 1,DSCN1860,IʿLĀM,
item,1772-07-29,Tursko 1,DSCN1862,IʿLĀM,
item,1868-02-14,Tursko 1,DSCN1692,HÜCCET,
item,2050-12-30,Tursko 7,DSCN0598,FOLDERCOVER,
item,1769-03-16,Tursko 4,DSCN2364,MÜRĀSELE,
item,1844-09-03,Tursko 3,DSCN9231,EMIN,
item,1820-10-10,Tursko 3,DSCN9225,EMIN,
item,1770-04-24,Tursko 4,DSCN2416,EMIN,
item,1839-02-03,Tursko 3,DSCN0201,EMIN,
item,2050-12-30,Tursko 1,DSCN1889,ʿILMÜHABER,
item,1812-03-14,Tursko 3,DSCN9219,EMIN,
item,1829-09-27,Tursko 4,DSCN2199,EMIN,
item,1830-06-20,Tursko 3,DSCN9033,EMIN,
item,1830-06-20,Tursko 4,DSCN2172,EMIN,
item,1842-10-19,Tursko 3,DSCN9027,HÜCCET,
item,1863-06-16,Tursko 8,DSCN0765,ʿILMÜHABER,
item,1866-05-14,Tursko 8,DSCN0759,[Missing I] [Missing D] VIRGÜ_VARAKA,
item,1860-07-18,Tursko 8,DSCN0822,ʿILMÜHABER,
item,1787-10-11,Tursko 3,DSCN0188,EMIN,
item,1867-01-05,Tursko 8,DSCN0836,[Missing I] [Missing D] BERĀT|[Missing D] MEMO_CROATIAN,
item,1817-05-13,Tursko 4,DSCN2012,EMIN,
item,2050-12-30,Tursko 3,DSCN0177,EMIN,
item,1833-05-18,Tursko 4,DSCN2006,EMIN,
item,1793-12-26,Tursko 7,DSCN0639,BUYURULDU,
item,1853-05-29,Tursko 2,DSCN8926,FERMĀN,
item,1869-06-19,Tursko 1,DSCN1902,※UNKNOWNとりたい,
item,2050-12-30,Tursko 4,DSCN2210,UNKNOWN,
item,2050-12-30,Tursko 3,DSCN9345,DEFTER,
item,2050-12-30,Tursko 3,DSCN0407,IʿLĀM,
item,1727-08-16,Tursko 3,DSCN9351,UNKNOWN,
item,2050-12-30,Tursko 4,DSCN2204,FOLDERCOVER,
item,1845-01-08,Tursko 3,DSCN0375,EMIN,
item,1780-11-25,Tursko 4,DSCN2238,TEZKIRE,
item,1797-03-10,Tursko 4,DSCN2239,YAFTA,
item,1820-02-20,Tursko 3,DSCN0348,EMIN,
item,1755-10-31,Tursko 3,DSCN0412,HÜCCET,
item,1849-07-24,Tursko 3,DSCN0360,EMIN,
item,1818-09-14,Tursko 3,DSCN9344,MÜRĀSELE,
item,1861-01-15,Tursko 1,DSCN1718,HÜCCET,
item,1839-12-22,Tursko 4,DSCN2211,UNKNOWN,
item,2050-12-30,Tursko 1,DSCN1917,UNKNOWN,
item,1794-12-19,Tursko 7,DSCN0638,BUYURULDU,
item,1793-08-06,Tursko 3,DSCN9152,EMIN,
item,2050-12-30,Tursko 4,DSCN2013,TEZKIRE,
item,1839-02-03,Tursko 3,DSCN0162,EMIN,
item,1787-07-30,Tursko 1,DSCN0980,HÜCCET,
item,1839-01-14,Tursko 1,DSCN0994,UNKNOWN,
item,1872-02-19,Tursko 8,DSCN0764,UNKNOWN,
item,1837-04-05,Tursko 4,DSCN2167,EMIN,
item,1839-03-14,Tursko 1,DSCN0943,TEZKIRE,
item,1770-09-06,Tursko 4,DSCN2198,MÜRĀSELE,
item,1798-03-19,Tursko 1,DSCN1644,IʿLĀM,
item,1840-06-22,Tursko 3,DSCN0228,EMIN,
item,1794-01-05,Tursko 4,DSCN2359,MÜRĀSELE,
item,1837-10-28,Tursko 1,DSCN1650,HÜCCET,
item,1833-05-18,Tursko 4,DSCN2371,EMIN,
item,1857-03-27,Tursko 1,DSCN1678,NĀME,
item,1800-05-23,Tursko 3,DSCN0214,EMIN,
item,2050-12-30,Tursko 6,DSCN0572,SUMMARY,
item,1767-10-10,Tursko 7,DSCN0599,IʿLĀM,
item,1823-07-13,Tursko 7,DSCN1877,HÜCCET,
item,1785-01-08,Tursko 6,DSCN0589,ʿARZIHĀL,
item,1784-01-30,Tursko 1,DSCN1654,MÜRĀSELE,
item,1807-06-09,Tursko 4,DSCN2349,EMIN,
item,1777-10-20,Tursko 4,DSCN2361,MÜRĀSELE,
item,1850-11-04,Tursko 3,DSCN0210,EMIN,
item,1785-10-25,Tursko 4,DSCN2407,MÜRĀSELE,
item,1783-06-14,Tursko 4,DSCN2413,MÜRĀSELE,
item,1796-06-26,Tursko 3,DSCN9220,[Missing I] UNKNOWN|[Missing D] SUMARY_CROATIAN,
item,1775-05-29,Tursko 4,DSCN2375,EMIN,
item,1854-06-06,Tursko 4,DSCN0953,[Missing I] HÜCCET|SUMMARY|[Missing D] TASDĪK,
item,2050-12-30,Tursko 4,DSCN2188,UNKNOWN,
item,1870-07-20,Tursko 1,DSCN0947,SENED,
item,1868-11-23,Tursko 8,DSCN0748,SENED,
item,1767-06-18,Tursko 1,DSCN0984,MÜRĀSELE,
item,2050-12-30,Tursko 3,DSCN9036,TEZKIRE,
item,1826-08-03,Tursko 4,DSCN2177,EMIN,
item,1833-05-18,Tursko 3,DSCN0199,EMIN,
item,2050-12-30,Tursko 3,DSCN9195,FETVĀ,
item,1835-06-03,Tursko 7,DSCN0628,BUYURULDU,
item,1762-06-22,Tursko 3,DSCN9142,MÜRĀSELE,
item,2050-12-30,Tursko 7,DSCN0614,UNKNOWN,
item,1808-02-26,Tursko 3,DSCN0172,EMIN,
item,1775-04-02,Tursko 2,DSCN8937,FERMĀN,
item,1872-02-19,Tursko 4,DSCN2229,UNKNOWN,
item,1817-10-21,Tursko 1,DSCN1734,BUYURULDU,
item,2050-12-30,Tursko 4,DSCN2215,UNKNOWN,
item,2050-12-30,Tursko 3,DSCN9340,UNKNOWN,
item,1842-02-10,Tursko 3,DSCN0402,MAKBŪZ,
item,2050-12-30,Tursko 3,DSCN0364,※UNKNOWNとりたい,
item,1869-06-19,Tursko 1,DSCN1708,ʿARZIHĀL,
item,1841-09-07,Tursko 4,DSCN2201,UNKNOWN,
item,2050-12-30,Tursko 3,DSCN0371,DEFTER,
item,2050-12-30,Tursko 3,DSCN0417,ʿILMÜHABER,
item,1725-05-23,Tursko 3,DSCN9355,HÜCCET,
item,1842-02-10,Tursko 3,DSCN0403,MAKBŪZ,
item,1845-12-20,Tursko 3,DSCN9341,EMIN,
item,1782-12-04,Tursko 3,DSCN9369,UNKNOWN,
item,2050-12-30,Tursko 4,DSCN2228,TEZKIRE,
item,1850-08-23,Tursko 1,DSCN1912,TEZKIRE,
item,1767-06-19,Tursko 1,DSCN1906,MÜRĀSELE,
item,1790-10-13,Tursko 3,DSCN9157,HÜCCET,
item,1803-11-17,Tursko 7,DSCN0615,HÜCCET,
item,1818-09-10,Tursko 3,DSCN0167,EMIN,
item,1758-09-02,Tursko 4,DSCN2016,TEZKIRE,
item,1765-07-10,Tursko 3,DSCN9143,MÜRĀSELE,
item,1854-08-15,Tursko 7,DSCN0601,HÜCCET,
item,1826-04-28,Tursko 7,DSCN0629,DEFTER,
item,1836-12-08,Tursko 8,DSCN0832,ʿARZIHĀL|,
item,1876-07-25,Tursko 8,DSCN0826,ʿILMÜHABER,
item,1769-05-05,Tursko 3,DSCN9023,EMIN,
item,1832-05-29,Tursko 4,DSCN2162,EMIN,
item,1868-04-21,Tursko 8,DSCN0749,[Missing I] [Missing D] VIRGÜ_VARAKA,
item,1774-12-21,Tursko 1,DSCN0991,[Missing I] [Missing D] MÜLĀSELE,
item,2050-12-30,Tursko 4,DSCN2189,FETVĀ,
item,1820-03-21,Tursko 3,DSCN0205,EMIN,
item,2050-12-30,Tursko 4,DSCN2374,UNKNOWN,
item,2050-12-30,Tursko 6,DSCN0563,DÜSTŪR,
item,1835-04-27,Tursko 3,DSCN9235,EMIN,
item,1803-08-17,Tursko 4,DSCN2406,UNKNOWN,
item,2050-12-30,Tursko 3,DSCN0239,HURŪF,
item,2050-12-30,Tursko 3,DSCN9209,SENED,
item,1857-07-06,Tursko 1,DSCN1680,HÜCCET,
item,1807-11-07,Tursko 4,DSCN2389,MÜRĀSELE,
item,2050-12-30,Tursko 4,DSCN2438,MÜRĀSELE,
item,1853-10-02,Tursko 1,DSCN1657,NĀME,
item,1839-02-03,Tursko 3,DSCN9223,EMIN,
item,2050-12-30,Tursko 3,DSCN0207,EMIN,
item,2050-12-30,Tursko 4,DSCN2404,UNKNOWN,
item,1827-11-25,Tursko 6,DSCN0575,HÜCCET,
item,1835-04-27,Tursko 3,DSCN9237,EMIN,
item,1795-07-27,Tursko 1,DSCN0978,HÜCCET,
item,1783-10-11,Tursko 1,DSCN0987,※UNKNOWNとりたい,
item,2050-12-30,Tursko 3,DSCN9009,ʿARZIHĀL,
item,1798-04-05,Tursko 1,DSCN0993,TEZKIRE,
item,2050-12-30,Tursko 4,DSCN2174,DEFTER,
item,1825-08-13,Tursko 4,DSCN2160,EMIN,
item,1838-03-25,Tursko 8,DSCN0824,SENED,
item,2050-12-30,Tursko 3,DSCN9196,FETVĀ,
item,2050-12-30,Tursko 3,DSCN9169,UNKNOWN,
item,2050-12-30,Tursko 4,DSCN2028,MÜRĀSELE,
item,1852-06-18,Tursko 3,DSCN9155,SENED,
item,1842-02-10,Tursko 3,DSCN0398,MAKBŪZ,
item,1830-05-03,Tursko 2,DSCN8934,FERMĀN,
item,1859-02-02,Tursko 1,DSCN1723,HÜCCET,
item,2050-12-30,Tursko 3,DSCN0415,UNKNOWN,
item,1784-03-10,Tursko 4,DSCN2202,MÜRĀSELE,
item,1766-08-23,Tursko 4,DSCN2216,UNKNOWN,
item,2050-12-30,Tursko 3,DSCN9343,UNKNOWN,
item,1842-02-10,Tursko 3,DSCN0401,MAKBŪZ,
item,1839-03-06,Tursko 3,DSCN0366,[Missing I] EMIN|[Missing D] SUMMARY_CROATINAN,
item,1842-02-10,Tursko 3,DSCN0400,MAKBŪZ,
item,2050-12-30,Tursko 4,DSCN2203,UNKNOWN,
item,1778-01-27,Tursko 3,DSCN9356,EMIN,
item,1785-10-06,Tursko 1,DSCN1736,ʿARZIHĀL,
item,2050-12-30,Tursko 2,DSCN8921,BUYURULDU,
item,1850-10-31,Tursko 1,DSCN1911,MÜRĀSELE,
item,1842-02-10,Tursko 3,DSCN0399,MAKBŪZ,
item,1854-06-28,Tursko 1,DSCN1939,MÜRĀSELE,
item,1786-09-03,Tursko 4,DSCN2015,MÜRĀSELE,
item,1742-06-19,Tursko 3,DSCN9140,EMIN,
item,1821-09-20,Tursko 3,DSCN0164,EMIN,
item,1765-06-18,Tursko 4,DSCN2001,EMIN,
item,1855-12-15,Tursko 3,DSCN0158,ʿILMÜHABER,
item,1820-10-02,Tursko 3,DSCN9034,EMIN,
item,1870-03-31,Tursko 8,DSCN0762,ʿILMÜHABER,
item,1787-05-31,Tursko 3,DSCN9020,EMIN,
item,1857-03-20,Tursko 3,DSCN0951,HÜCCET,
item,1814-12-11,Tursko 3,DSCN0212,EMIN,
item,2050-12-30,Tursko 6,DSCN0574,SUMMARY,
item,2050-12-30,Tursko 4,DSCN2363,NOTE,
item,1794-07-27,Tursko 4,DSCN2377,MÜRĀSELE,
item,1810-11-24,Tursko 6,DSCN0560,ʿARZIHĀL,
item,1789-02-11,Tursko 4,DSCN2411,[Missing I] MÜRĀSELE|[Missing D] SUMMRAY_CROATIAN,
item,1768-12-30,Tursko 1,DSCN1642,IʿLĀM,
item,1797-11-30,Tursko 1,DSCN1871,MÜRĀSELE,
item,1880-12-01,Tursko 1,DSCN1865,EMIN,
item,1798-08-29,Tursko 1,DSCN1859,IʿLĀM,
